t,range_km,bearing_off_nose,aspect_deg,heading,bank,pitch,alt_km,mach,g,blue_missile,red_missile
0.0,79.09,0.9,160.3,303.9,-0.0,0.0,10.753,1.21,0.73,0,0
0.5,78.75,0.0,161.4,303.0,21.6,-5.1,10.751,1.205,-0.75,0,0
1.0,78.42,1.0,163.2,301.9,20.6,-8.0,10.744,1.197,-1.36,0,0
1.5,78.09,1.8,165.5,301.1,22.9,-10.3,10.73,1.19,-1.99,0,0
2.0,77.76,1.9,167.9,300.9,23.3,-10.6,10.71,1.184,-1.28,0,0
2.5,77.44,1.7,170.2,301.1,23.8,-10.2,10.685,1.181,-0.1,0,0
3.0,77.12,1.3,171.6,301.5,24.1,-9.7,10.658,1.18,0.73,0,0
3.5,76.8,0.8,172.7,302.0,23.9,-9.0,10.629,1.18,1.13,0,0
4.0,76.49,0.2,173.3,302.5,23.6,-8.3,10.6,1.182,1.46,0,0
4.5,76.18,0.3,173.1,303.0,23.0,-7.6,10.572,1.184,1.64,0,0
5.0,75.87,0.9,173.0,303.6,22.1,-6.8,10.544,1.185,1.75,0,0
5.5,75.56,1.4,172.8,304.1,21.0,-6.1,10.518,1.187,1.77,0,0
6.0,75.25,1.8,172.5,304.5,19.7,-5.5,10.494,1.188,1.73,0,0
6.5,74.94,2.3,172.3,304.9,18.3,-4.9,10.472,1.189,1.7,0,0
7.0,74.63,2.7,172.0,305.3,17.1,-4.3,10.451,1.189,1.72,0,0
7.5,74.32,3.0,171.7,305.6,16.0,-3.8,10.432,1.19,1.71,0,0
8.0,74.01,3.4,171.5,305.9,15.1,-3.3,10.415,1.191,1.68,0,0
8.5,73.7,3.6,171.2,306.2,14.0,-2.8,10.4,1.191,1.59,0,0
9.0,73.39,3.9,170.9,306.4,12.9,-2.5,10.387,1.191,1.49,0,0
9.5,73.08,4.1,170.7,306.6,11.9,-2.2,10.375,1.192,1.42,0,0
10.0,72.76,4.3,170.5,306.8,11.0,-1.9,10.364,1.192,1.36,0,0
10.5,72.45,4.5,170.3,307.0,9.9,-1.7,10.354,1.193,1.26,0,0
11.0,72.14,4.7,170.2,307.1,8.7,-1.5,10.345,1.194,1.19,0,0
11.5,71.82,4.8,170.1,307.2,7.6,-1.4,10.337,1.194,1.14,0,0
12.0,71.51,4.9,170.0,307.3,6.5,-1.2,10.33,1.195,1.09,0,0
12.5,71.19,5.1,170.0,307.4,5.4,-1.1,10.323,1.195,1.07,0,0
13.0,70.88,5.2,170.0,307.5,4.5,-0.9,10.318,1.196,1.09,0,0
13.5,70.56,5.3,170.0,307.5,3.7,-0.8,10.312,1.196,1.09,0,0
14.0,70.24,5.3,170.1,307.6,2.8,-0.7,10.307,1.197,1.05,0,0
14.5,69.92,5.4,170.2,307.6,2.0,-0.7,10.303,1.197,1.03,0,0
15.0,69.61,5.5,170.3,307.7,1.3,-0.6,10.299,1.198,1.03,0,0
15.5,69.29,5.5,170.4,307.7,0.7,-0.5,10.295,1.199,1.03,0,0
16.0,68.97,5.6,170.6,307.7,0.0,-0.5,10.291,1.199,1.01,0,0
16.5,68.65,5.6,170.7,307.7,-0.6,-0.5,10.288,1.2,0.98,0,0
17.0,68.33,5.7,170.9,307.7,-1.1,-0.5,10.285,1.2,0.98,0,0
17.5,68.01,5.7,171.1,307.7,-1.5,-0.5,10.281,1.201,0.99,0,0
18.0,67.69,5.7,171.3,307.7,-2.0,-0.5,10.278,1.202,0.99,0,0
18.5,67.37,5.8,171.5,307.7,-2.3,-0.4,10.276,1.202,0.98,0,0
19.0,67.04,5.8,171.7,307.7,-2.5,-0.4,10.273,1.203,0.99,0,0
19.5,66.72,5.8,171.9,307.7,-2.4,-0.4,10.27,1.203,1.01,0,0
20.0,66.4,5.8,172.1,307.6,-2.2,-0.5,10.267,1.204,1.03,0,0
20.5,66.08,5.8,172.3,307.6,-1.7,-0.5,10.265,1.204,1.05,0,0
21.0,65.75,5.8,172.5,307.6,-1.3,-0.5,10.262,1.205,1.06,0,0
21.5,65.43,5.9,172.7,307.6,-0.9,-0.5,10.259,1.205,1.06,0,0
22.0,65.1,5.9,172.9,307.6,-0.5,-0.5,10.257,1.206,1.06,0,0
22.5,64.78,5.9,173.1,307.6,-0.2,-0.5,10.254,1.207,1.07,0,0
23.0,64.45,5.9,173.3,307.6,-0.1,-0.4,10.251,1.207,1.07,0,0
23.5,64.13,6.0,173.4,307.6,0.1,-0.3,10.249,1.208,1.08,0,0
24.0,63.8,6.0,173.6,307.6,0.2,-0.2,10.246,1.208,1.09,0,0
24.5,63.47,6.0,173.8,307.6,0.3,-0.1,10.244,1.208,1.12,0,0
25.0,63.15,6.1,174.0,307.6,0.5,0.0,10.243,1.209,1.14,0,0
25.5,62.82,6.1,174.2,307.6,0.8,0.2,10.241,1.209,1.17,0,0
26.0,62.49,6.1,174.3,307.6,1.0,0.3,10.24,1.209,1.19,0,0
26.5,62.16,6.2,174.5,307.6,1.3,0.5,10.24,1.209,1.2,0,0
27.0,61.84,6.2,174.6,307.6,1.6,0.7,10.239,1.209,1.21,0,0
27.5,61.51,6.3,174.8,307.6,1.9,0.8,10.24,1.209,1.21,0,0
28.0,61.18,6.3,174.9,307.6,2.1,0.9,10.241,1.209,1.2,0,0
28.5,60.85,6.4,175.1,307.7,2.4,1.0,10.242,1.209,1.18,0,0
29.0,60.52,6.5,175.2,307.7,2.6,1.1,10.244,1.209,1.15,0,0
29.5,60.19,6.5,175.3,307.7,2.7,1.2,10.246,1.209,1.13,0,0
30.0,59.86,6.6,175.5,307.7,2.8,1.2,10.248,1.209,1.09,0,0
30.5,59.53,6.6,175.6,307.8,2.9,1.2,10.251,1.209,1.06,0,1
31.0,59.2,7.0,175.5,308.1,-14.3,-4.1,10.252,1.208,-1.41,0,1
31.5,58.87,7.9,175.3,308.9,3.2,-7.2,10.248,1.207,-2.13,0,1
32.0,58.54,7.0,174.6,308.1,19.7,-9.9,10.236,1.205,-2.19,0,1
32.5,58.21,5.5,173.4,306.5,30.4,-12.3,10.217,1.205,-2.22,0,1
33.0,57.88,3.7,171.8,304.6,37.7,-14.4,10.19,1.205,-2.24,0,1
33.5,57.56,1.8,169.9,302.7,42.8,-16.1,10.156,1.205,-2.25,0,1
34.0,57.23,0.1,167.9,300.8,46.6,-17.7,10.116,1.205,-2.26,0,1
34.5,56.91,1.9,165.9,299.0,49.4,-19.2,10.07,1.205,-2.27,0,1
35.0,56.59,3.7,164.0,297.1,51.6,-20.7,10.017,1.205,-2.27,0,1
35.5,56.27,5.5,162.3,295.3,53.4,-22.2,9.96,1.205,-2.28,0,1
36.0,55.96,7.3,160.7,293.5,54.8,-23.6,9.896,1.206,-2.28,0,1
36.5,55.65,9.1,159.2,291.6,55.9,-25.0,9.828,1.206,-2.29,0,1
37.0,55.34,10.9,157.9,289.8,56.8,-26.5,9.755,1.207,-2.3,0,1
37.5,55.04,12.7,156.6,287.9,57.5,-27.9,9.677,1.208,-2.31,0,1
38.0,54.74,14.6,156.0,286.0,58.1,-29.3,9.594,1.209,-2.33,0,1
38.5,54.44,16.5,155.5,284.1,58.6,-30.8,9.507,1.21,-2.35,0,1
39.0,54.15,18.5,155.0,282.0,53.6,-32.1,9.415,1.211,-1.25,0,1
39.5,53.87,19.8,154.6,280.7,20.0,-34.8,9.32,1.212,-1.34,0,1
40.0,53.58,19.2,154.1,281.2,-2.1,-38.3,9.22,1.213,-1.44,0,1
40.5,53.3,16.9,153.6,283.5,-8.4,-41.2,9.115,1.215,-2.6,0,1
41.0,53.03,16.5,153.1,283.9,14.2,-43.4,9.003,1.217,-2.73,0,1
41.5,52.76,16.7,152.6,283.7,-3.1,-44.2,8.886,1.22,-1.38,0,1
42.0,52.49,16.0,152.1,284.3,-19.3,-44.2,8.763,1.225,-0.26,0,1
42.5,52.23,15.7,151.6,284.5,-30.2,-43.7,8.638,1.231,0.48,0,1
43.0,51.97,15.9,151.0,284.3,-37.8,-43.1,8.511,1.239,0.96,0,1
43.5,51.7,16.5,150.5,283.7,-43.0,-42.3,8.384,1.247,1.3,0,1
44.0,51.44,17.3,149.9,282.8,-46.7,-41.7,8.255,1.255,1.51,0,1
44.5,51.18,18.3,149.3,281.8,-49.4,-41.1,8.126,1.262,1.65,0,1
45.0,50.92,19.4,148.8,280.6,-51.2,-40.6,7.996,1.27,1.72,0,1
45.5,50.65,20.5,148.2,279.5,-52.6,-40.2,7.867,1.277,1.74,0,1
46.0,50.39,21.6,147.6,278.4,-53.5,-39.9,7.737,1.285,1.72,0,1
46.5,50.13,22.6,147.1,277.3,-54.2,-39.7,7.607,1.292,1.67,0,1
47.0,49.87,23.6,146.5,276.3,-54.7,-39.5,7.476,1.299,1.61,0,1
47.5,49.61,24.5,146.0,275.4,-55.0,-39.3,7.346,1.306,1.55,0,1
48.0,49.35,25.4,145.5,274.5,-55.3,-39.2,7.215,1.313,1.48,0,1
48.5,49.09,26.2,145.0,273.6,-55.5,-39.1,7.083,1.32,1.41,0,1
49.0,48.83,27.0,144.7,272.8,-55.6,-39.0,6.951,1.327,1.36,0,1
49.5,48.57,27.8,144.2,272.0,-55.7,-39.0,6.818,1.334,1.31,0,1
50.0,48.32,28.6,143.9,271.2,-55.8,-38.9,6.685,1.341,1.27,0,1
50.5,48.06,30.7,143.5,269.1,-55.4,-38.2,6.551,1.347,2.58,0,1
51.0,47.81,34.1,143.1,265.6,-55.0,-36.6,6.418,1.35,4.07,0,1
51.5,47.55,37.9,142.8,261.8,-54.6,-34.9,6.288,1.352,5.12,0,1
52.0,47.3,42.0,142.5,257.8,-54.3,-32.9,6.162,1.352,5.86,0,1
52.5,47.06,46.2,142.2,253.6,-54.1,-30.8,6.041,1.351,6.4,0,1
53.0,46.82,50.5,142.0,249.3,-54.0,-28.6,5.926,1.349,6.77,0,1
53.5,46.59,54.8,141.8,245.1,-54.0,-26.4,5.818,1.346,7.0,0,1
54.0,46.37,59.1,141.6,240.9,-54.0,-24.2,5.717,1.342,7.11,0,1
54.5,46.16,63.3,141.4,236.8,-54.1,-21.9,5.624,1.338,7.1,0,1
55.0,45.95,67.3,141.3,232.8,-54.3,-19.8,5.538,1.334,6.99,0,1
55.5,45.76,71.2,141.1,229.1,-54.4,-17.7,5.46,1.329,6.8,0,1
56.0,45.58,74.8,141.0,225.5,-54.6,-15.8,5.389,1.325,6.53,0,1
56.5,45.41,78.3,140.9,222.2,-54.8,-14.0,5.325,1.32,6.21,0,1
57.0,45.26,81.5,140.8,219.1,-55.0,-12.4,5.269,1.316,5.85,0,1
57.5,45.11,84.5,140.7,216.2,-55.2,-10.9,5.218,1.312,5.48,0,1
58.0,44.98,87.3,140.6,213.5,-55.4,-9.5,5.173,1.308,5.11,0,1
58.5,44.85,89.9,140.6,211.1,-55.5,-8.3,5.133,1.304,4.75,0,1
59.0,44.74,92.3,140.5,208.8,-55.7,-7.2,5.098,1.301,4.41,0,1
59.5,44.63,94.6,140.4,206.7,-55.8,-6.2,5.068,1.298,4.1,0,1
60.0,44.53,96.7,140.4,204.7,-55.9,-5.3,5.041,1.295,3.85,0,1
60.5,44.44,98.8,140.3,202.8,-56.0,-4.4,5.018,1.292,3.61,0,1
61.0,44.35,100.7,140.3,201.0,-56.1,-3.7,4.998,1.289,3.39,0,1
61.5,44.27,102.4,140.2,199.3,-56.2,-3.0,4.98,1.287,3.18,0,1
62.0,44.2,104.1,140.1,197.8,-56.3,-2.4,4.966,1.284,2.96,0,1
62.5,44.14,105.6,140.1,196.4,-56.4,-1.9,4.954,1.282,2.74,0,1
63.0,44.07,107.0,140.0,195.1,-56.4,-1.5,4.943,1.28,2.53,0,1
63.5,44.02,108.3,140.0,194.0,-56.5,-1.1,4.934,1.278,2.34,0,1
64.0,43.97,109.5,139.9,192.9,-56.5,-0.8,4.927,1.277,2.16,0,1
64.5,43.92,110.6,139.9,191.9,-56.6,-0.6,4.921,1.275,2.0,0,1
65.0,43.87,111.6,139.8,191.0,-56.6,-0.4,4.916,1.274,1.87,0,1
65.5,43.83,112.5,139.8,190.2,-56.7,-0.3,4.911,1.273,1.76,0,1
66.0,43.79,113.4,139.7,189.4,-56.7,-0.2,4.907,1.272,1.66,0,1
66.5,43.76,114.3,139.7,188.7,-56.7,-0.1,4.904,1.271,1.58,0,1
67.0,43.73,115.1,139.6,188.0,-56.7,-0.0,4.9,1.269,1.52,0,1
67.5,43.7,115.9,139.6,187.3,-56.8,-0.0,4.897,1.268,1.47,0,1
68.0,43.67,116.7,139.5,186.6,-56.8,0.0,4.894,1.267,1.43,0,1
68.5,43.64,117.4,139.4,185.9,-56.8,0.0,4.891,1.265,1.4,0,1
69.0,43.62,118.2,139.4,185.3,-56.8,0.0,4.889,1.264,1.39,0,1
69.5,43.6,118.9,139.3,184.6,-56.8,0.1,4.886,1.263,1.38,0,1
70.0,43.58,119.7,139.3,184.0,-56.8,0.1,4.883,1.262,1.37,0,1
70.5,43.57,120.4,139.2,183.3,-56.8,0.1,4.881,1.26,1.36,0,1
71.0,43.55,121.1,139.2,182.7,-56.8,0.1,4.878,1.259,1.36,0,1
71.5,43.54,121.9,139.1,182.1,-56.9,0.1,4.875,1.258,1.37,0,1
72.0,43.53,122.6,139.1,181.4,-56.9,0.1,4.873,1.257,1.37,0,1
72.5,43.52,123.4,139.0,180.7,-56.9,0.1,4.87,1.255,1.38,0,1
73.0,43.52,124.1,139.0,180.1,-56.9,0.1,4.868,1.254,1.39,0,1
73.5,43.51,124.9,138.9,179.4,-56.9,0.2,4.865,1.253,1.39,0,1
74.0,43.51,125.6,138.8,178.7,-56.9,0.2,4.863,1.252,1.4,0,1
74.5,43.51,126.4,138.8,178.0,-56.9,0.2,4.86,1.251,1.4,0,1
75.0,43.51,127.1,138.7,177.3,-56.9,0.2,4.858,1.249,1.4,0,1
75.5,43.52,127.9,138.7,176.7,-56.9,0.3,4.856,1.248,1.4,0,1
76.0,43.52,128.6,138.6,176.0,-56.9,0.3,4.854,1.247,1.4,0,1
76.5,43.53,129.4,138.6,175.3,-56.9,0.3,4.852,1.246,1.4,0,1
77.0,43.54,130.1,138.5,174.6,-56.9,0.4,4.85,1.245,1.4,0,1
77.5,43.55,130.9,138.4,173.9,-56.9,0.4,4.849,1.244,1.39,0,1
78.0,43.57,131.6,138.4,173.2,-56.9,0.4,4.847,1.243,1.39,0,1
78.5,43.58,132.3,138.3,172.6,-56.9,0.5,4.845,1.242,1.39,0,1
79.0,43.6,133.1,138.2,171.9,-56.9,0.5,4.844,1.24,1.39,0,1
79.5,43.62,133.8,138.2,171.2,-56.9,0.5,4.843,1.239,1.38,0,1
80.0,43.64,134.5,138.1,170.5,-56.9,0.5,4.841,1.238,1.38,0,1
80.5,43.66,135.2,138.1,169.8,-56.9,0.6,4.84,1.237,1.37,0,1
81.0,43.69,135.9,138.0,169.2,-56.9,0.6,4.839,1.236,1.37,0,1
81.5,43.71,136.7,137.9,168.5,-56.9,0.6,4.838,1.235,1.37,0,1
82.0,43.74,137.4,137.9,167.8,-56.9,0.6,4.837,1.234,1.36,0,1
82.5,43.77,138.1,137.8,167.1,-57.0,0.7,4.836,1.233,1.36,0,1
83.0,43.8,138.7,137.7,166.5,-57.0,0.7,4.836,1.232,1.35,0,1
83.5,43.83,139.4,137.6,165.8,-57.0,0.7,4.835,1.231,1.35,0,1
84.0,43.86,140.1,137.6,165.1,-57.0,0.7,4.834,1.23,1.35,0,1
84.5,43.9,140.8,137.5,164.5,-57.0,0.7,4.834,1.229,1.34,0,1
85.0,43.93,141.5,137.4,163.8,-57.0,0.8,4.833,1.227,1.34,0,1
85.5,43.97,142.2,137.4,163.2,-57.0,0.8,4.833,1.226,1.34,0,1
86.0,44.01,142.8,137.3,162.5,-57.0,0.8,4.832,1.225,1.33,0,1
86.5,44.05,143.5,137.2,161.8,-57.0,0.8,4.832,1.224,1.33,0,1
87.0,44.09,144.2,137.1,161.2,-57.0,0.8,4.831,1.223,1.33,0,1
87.5,44.13,144.8,137.1,160.5,-57.0,0.8,4.831,1.222,1.33,0,1
88.0,44.18,145.5,137.0,159.9,-57.0,0.8,4.83,1.221,1.32,0,1
88.5,44.22,146.1,136.9,159.2,-57.0,0.9,4.83,1.22,1.32,0,1
89.0,44.27,146.8,136.8,158.6,-57.0,0.9,4.83,1.219,1.32,0,1
89.5,44.31,147.4,136.8,157.9,-57.0,0.9,4.83,1.218,1.32,0,1
90.0,44.36,148.1,136.7,157.2,-57.0,0.9,4.829,1.218,1.32,0,1
90.5,44.41,148.7,136.6,156.6,-57.0,0.9,4.829,1.217,1.32,0,1
91.0,44.46,149.3,136.5,155.9,-57.0,0.9,4.829,1.216,1.31,0,1
91.5,44.51,150.0,136.5,155.3,-57.0,0.9,4.829,1.215,1.31,0,1
92.0,44.56,150.6,136.4,154.6,-57.0,0.9,4.829,1.214,1.31,0,1
92.5,44.62,151.2,136.3,154.0,-57.0,0.9,4.829,1.213,1.31,0,1
93.0,44.67,151.8,136.2,153.3,-57.0,0.9,4.828,1.212,1.31,0,1
93.5,44.73,152.5,136.1,152.7,-57.0,0.9,4.828,1.211,1.31,0,1
94.0,44.78,153.1,136.1,152.0,-57.1,1.0,4.828,1.21,1.31,0,1
94.5,44.84,153.7,136.0,151.4,-57.1,1.0,4.828,1.209,1.3,0,1
95.0,44.9,154.3,135.9,150.7,-57.1,1.0,4.828,1.208,1.3,0,1
95.5,44.96,154.9,135.8,150.1,-57.1,1.0,4.828,1.208,1.3,0,1
96.0,45.02,155.5,135.7,149.4,-57.1,1.0,4.828,1.207,1.3,0,1
96.5,45.08,156.1,135.7,148.8,-57.1,1.0,4.828,1.206,1.3,0,1
97.0,45.14,156.7,135.6,148.1,-57.1,1.0,4.828,1.205,1.3,0,1
97.5,45.2,157.3,135.5,147.5,-57.1,1.0,4.828,1.204,1.3,0,1
98.0,45.26,157.9,135.4,146.8,-57.1,1.0,4.828,1.203,1.3,0,1
98.5,45.32,158.5,135.3,146.2,-57.1,1.0,4.828,1.203,1.3,0,1
99.0,45.39,159.1,135.2,145.5,-57.1,1.0,4.828,1.202,1.3,0,1
99.5,45.45,159.7,135.2,144.9,-57.1,1.0,4.828,1.201,1.29,0,1
100.0,45.52,160.2,135.1,144.2,-57.1,1.0,4.828,1.2,1.29,0,1
100.5,45.58,160.8,135.0,143.6,-57.1,1.0,4.829,1.199,1.29,0,1
101.0,45.65,161.4,134.9,142.9,-57.1,1.0,4.829,1.199,1.3,0,1
101.5,45.71,162.0,134.8,142.3,-57.1,1.0,4.829,1.198,1.3,0,1
102.0,45.78,162.6,134.7,141.6,-57.1,1.1,4.829,1.197,1.3,0,1
102.5,45.85,163.1,134.7,140.9,-57.1,1.1,4.829,1.196,1.3,0,1
103.0,45.92,163.7,134.6,140.3,-57.1,1.1,4.829,1.196,1.3,0,1
103.5,45.99,164.3,134.5,139.6,-57.1,1.1,4.829,1.195,1.31,0,1
104.0,46.06,164.9,134.4,139.0,-57.2,1.1,4.829,1.194,1.31,0,1
104.5,46.13,165.4,134.3,138.3,-56.9,1.1,4.83,1.193,1.38,0,1
105.0,46.2,165.8,134.2,137.9,-56.5,0.9,4.83,1.192,1.04,0,1
105.5,46.27,166.1,134.2,137.5,-56.0,0.8,4.83,1.192,0.93,0,1
106.0,46.34,166.4,134.1,137.0,-55.5,0.7,4.829,1.191,0.9,0,1
106.5,46.41,166.8,134.0,136.6,-55.0,0.5,4.829,1.19,0.9,0,1
107.0,46.48,167.1,133.9,136.2,-54.5,0.4,4.827,1.189,0.91,0,1
107.5,46.55,167.4,133.8,135.8,-53.9,0.3,4.826,1.188,0.93,0,1
108.0,46.62,167.8,133.8,135.3,-53.3,0.2,4.824,1.188,0.95,0,1
108.5,46.7,168.1,133.7,134.9,-52.7,0.1,4.822,1.187,0.97,0,1
109.0,46.77,168.4,133.6,134.4,-52.1,-0.0,4.819,1.186,1.0,0,1
109.5,46.84,168.8,133.5,134.0,-51.4,-0.1,4.816,1.186,1.02,0,1
110.0,46.91,169.1,133.5,133.5,-50.8,-0.2,4.813,1.185,1.04,0,1
110.5,46.99,169.5,133.4,133.1,-50.1,-0.3,4.81,1.185,1.06,0,1
111.0,47.06,169.8,133.3,132.6,-49.3,-0.3,4.806,1.184,1.07,0,1
111.5,47.13,170.2,133.2,132.2,-48.6,-0.4,4.803,1.184,1.08,0,1
112.0,47.21,170.5,133.2,131.7,-47.9,-0.4,4.799,1.183,1.09,0,1
112.5,47.28,170.8,133.1,131.3,-47.1,-0.5,4.796,1.183,1.11,0,1
113.0,47.35,171.2,133.0,130.8,-46.4,-0.5,4.792,1.182,1.13,0,1
113.5,47.43,171.5,132.9,130.4,-45.7,-0.5,4.788,1.182,1.14,0,1
114.0,47.5,171.8,132.9,129.9,-45.0,-0.5,4.785,1.181,1.14,0,1
114.5,47.58,172.2,132.8,129.5,-44.3,-0.5,4.781,1.181,1.15,0,1
115.0,47.65,172.5,132.7,129.0,-43.6,-0.5,4.778,1.181,1.15,0,1
115.5,47.73,172.8,132.7,128.6,-43.0,-0.5,4.774,1.18,1.14,0,1
116.0,47.8,173.1,132.6,128.2,-42.4,-0.5,4.771,1.18,1.14,0,1
116.5,47.88,173.4,132.5,127.8,-41.8,-0.4,4.768,1.179,1.14,0,1
117.0,47.95,173.7,132.5,127.3,-41.2,-0.4,4.765,1.178,1.13,0,1
117.5,48.03,173.9,132.4,126.9,-40.6,-0.4,4.762,1.178,1.13,0,1
118.0,48.1,174.2,132.3,126.5,-40.1,-0.4,4.759,1.177,1.12,0,1
118.5,48.18,174.5,132.3,126.1,-39.6,-0.3,4.757,1.177,1.12,0,1
119.0,48.25,174.7,132.2,125.7,-39.1,-0.3,4.754,1.176,1.11,0,1
119.5,48.33,175.0,132.1,125.4,-38.7,-0.3,4.752,1.176,1.1,0,1
120.0,48.4,175.2,132.1,125.0,-38.2,-0.3,4.75,1.175,1.1,0,1
120.5,48.48,175.5,132.0,124.6,-37.8,-0.2,4.748,1.174,1.09,0,1
121.0,48.55,175.7,132.0,124.3,-37.4,-0.2,4.746,1.174,1.08,0,1
121.5,48.63,175.9,131.9,123.9,-37.1,-0.2,4.744,1.173,1.07,0,1
122.0,48.7,176.1,131.8,123.6,-36.8,-0.2,4.743,1.173,1.07,0,1
122.5,48.78,176.3,131.8,123.2,-36.4,-0.2,4.741,1.172,1.06,0,1
123.0,48.85,176.6,131.7,122.9,-36.1,-0.2,4.74,1.171,1.06,0,1
123.5,48.93,176.8,131.7,122.5,-35.8,-0.1,4.738,1.171,1.05,0,1
124.0,49.0,176.9,131.6,122.2,-35.5,-0.1,4.737,1.17,1.05,0,1
124.5,49.08,177.1,131.6,121.9,-35.2,-0.1,4.736,1.169,1.04,0,1
125.0,49.15,177.3,131.5,121.6,-35.0,-0.1,4.735,1.169,1.04,0,1
125.5,49.23,177.5,131.5,121.2,-34.7,-0.1,4.734,1.168,1.03,0,1
126.0,49.3,177.7,131.4,120.9,-34.4,-0.1,4.733,1.168,1.03,0,1
126.5,49.38,177.8,131.3,120.6,-34.1,-0.1,4.732,1.167,1.03,0,1
127.0,49.45,178.0,131.3,120.3,-33.8,-0.1,4.731,1.166,1.02,0,1
127.5,49.53,178.1,131.2,120.0,-33.5,-0.1,4.73,1.166,1.02,0,1
128.0,49.6,178.3,131.2,119.7,-33.2,-0.1,4.729,1.165,1.02,0,1
128.5,49.68,178.4,131.2,119.4,-33.0,-0.1,4.728,1.164,1.02,0,1
129.0,49.75,178.6,131.1,119.1,-32.7,-0.1,4.727,1.164,1.02,0,1
129.5,49.83,178.7,131.1,118.8,-32.4,-0.1,4.726,1.163,1.02,0,1
130.0,49.9,178.9,131.0,118.6,-32.2,-0.1,4.726,1.162,1.01,0,1
130.5,49.98,179.0,131.0,118.3,-31.9,-0.1,4.725,1.162,1.01,0,1
131.0,50.05,179.1,130.9,118.0,-31.7,-0.1,4.724,1.161,1.01,0,1
131.5,50.12,179.3,130.9,117.7,-31.4,-0.1,4.724,1.16,1.01,0,1
132.0,50.2,179.4,130.8,117.4,-31.2,-0.1,4.723,1.16,1.01,0,1
132.5,50.27,179.5,130.8,117.2,-30.9,-0.1,4.722,1.159,1.01,0,1
133.0,50.35,179.7,130.8,116.9,-30.7,-0.1,4.722,1.158,1.01,0,1
133.5,50.42,179.8,130.7,116.6,-30.5,-0.1,4.721,1.158,1.01,0,1
134.0,50.49,179.9,130.7,116.4,-30.2,-0.1,4.72,1.157,1.01,0,1
134.5,50.57,180.0,130.6,116.1,-30.0,-0.1,4.72,1.156,1.01,0,1
135.0,50.64,179.9,130.6,115.8,-29.8,-0.1,4.719,1.156,1.01,0,1
135.5,50.72,179.8,130.6,115.6,-29.5,-0.1,4.719,1.155,1.01,0,1
136.0,50.79,179.7,130.5,115.3,-29.3,-0.1,4.718,1.154,1.0,0,1
136.5,50.86,179.5,130.5,115.0,-29.0,-0.1,4.717,1.154,1.0,0,1
137.0,50.94,179.4,130.4,114.8,-28.8,-0.1,4.717,1.153,1.0,0,1
137.5,51.01,179.3,130.4,114.5,-28.6,-0.1,4.716,1.153,1.0,0,1
138.0,51.08,179.2,130.4,114.3,-28.3,-0.2,4.716,1.152,1.0,0,1
138.5,51.16,179.1,130.3,114.0,-28.1,-0.2,4.715,1.151,1.0,0,1
139.0,51.23,179.1,130.3,113.8,-27.9,-0.2,4.715,1.151,1.0,0,1
139.5,51.3,179.0,130.3,113.6,-27.6,-0.2,4.714,1.15,1.0,0,1
140.0,51.38,178.9,130.2,113.3,-27.4,-0.2,4.714,1.149,0.99,0,1
140.5,51.45,178.8,130.2,113.1,-27.2,-0.2,4.713,1.149,0.99,0,1
141.0,51.52,178.7,130.2,112.8,-26.9,-0.2,4.713,1.148,0.99,0,1
141.5,51.59,178.7,130.2,112.7,-25.0,-0.2,4.713,1.148,0.53,0,1
142.0,51.67,178.6,130.1,112.4,-24.8,-0.3,4.712,1.147,1.38,0,1
142.5,51.74,178.5,130.1,112.2,-24.7,-0.3,4.711,1.147,1.14,0,1
143.0,51.81,178.5,130.1,112.0,-24.5,-0.3,4.711,1.146,1.07,0,1
143.5,51.88,178.4,130.0,111.8,-24.3,-0.3,4.71,1.145,1.08,0,1
144.0,51.96,178.3,130.0,111.6,-24.2,-0.3,4.709,1.145,1.07,0,1
144.5,52.03,178.3,130.0,111.3,-24.0,-0.3,4.709,1.144,1.07,0,1
145.0,52.1,178.2,130.0,111.1,-23.8,-0.3,4.708,1.144,1.07,0,1
145.5,52.17,178.2,129.9,110.9,-23.6,-0.3,4.708,1.143,1.07,0,1
146.0,52.24,178.1,129.9,110.7,-23.5,-0.2,4.707,1.143,1.07,0,1
146.5,52.32,178.0,129.9,110.5,-23.3,-0.2,4.707,1.142,1.06,0,1
147.0,52.39,178.0,129.9,110.3,-23.1,-0.2,4.707,1.141,1.06,0,1
147.5,52.46,178.0,129.8,110.1,-23.0,-0.2,4.706,1.141,1.06,0,1
148.0,52.53,177.9,129.8,109.9,-22.8,-0.2,4.706,1.14,1.06,0,1
148.5,52.6,177.9,129.8,109.7,-22.6,-0.2,4.706,1.14,1.06,0,1
149.0,52.67,177.8,129.8,109.5,-22.5,-0.2,4.705,1.139,1.05,0,1
149.5,52.74,177.8,129.7,109.3,-22.4,-0.2,4.705,1.139,1.05,0,1
150.0,52.81,177.7,129.7,109.1,-22.2,-0.2,4.705,1.138,1.05,0,1
150.5,52.89,177.7,129.7,108.9,-22.1,-0.2,4.704,1.137,1.05,0,1
151.0,52.96,177.7,129.7,108.7,-21.9,-0.2,4.704,1.137,1.05,0,1
151.5,53.03,177.6,129.7,108.5,-21.8,-0.2,4.704,1.136,1.05,0,1
152.0,53.1,177.6,129.6,108.3,-21.7,-0.2,4.704,1.136,1.05,0,1
152.5,53.17,177.5,129.6,108.2,-21.5,-0.2,4.703,1.135,1.05,0,1
153.0,53.24,177.5,129.6,108.0,-21.4,-0.2,4.703,1.135,1.04,0,1
153.5,53.31,177.5,129.6,107.8,-21.3,-0.2,4.703,1.134,1.04,0,1
154.0,53.38,177.4,129.6,107.6,-21.1,-0.2,4.703,1.134,1.04,0,1
154.5,53.45,177.4,129.5,107.4,-21.0,-0.2,4.703,1.133,1.04,0,1
155.0,53.52,177.4,129.5,107.2,-20.9,-0.2,4.703,1.132,1.04,0,1
155.5,53.59,177.4,129.5,107.0,-20.8,-0.2,4.702,1.132,1.04,0,1
156.0,53.66,177.3,129.5,106.9,-20.7,-0.2,4.702,1.131,1.04,0,1
156.5,53.73,177.3,129.5,106.7,-20.6,-0.2,4.702,1.131,1.04,0,1
157.0,53.8,177.3,129.5,106.5,-20.5,-0.2,4.702,1.13,1.04,0,1
157.5,53.87,177.2,129.5,106.3,-20.4,-0.2,4.702,1.13,1.03,0,1
158.0,53.94,177.2,129.4,106.1,-20.3,-0.2,4.702,1.129,1.03,0,1
158.5,54.01,177.2,129.4,106.0,-20.1,-0.2,4.701,1.129,1.03,0,1
159.0,54.07,177.2,129.4,105.8,-20.1,-0.2,4.701,1.128,1.03,0,1
159.5,54.14,177.2,129.4,105.6,-20.0,-0.2,4.701,1.128,1.03,0,1
160.0,54.21,177.1,129.4,105.4,-19.9,-0.2,4.701,1.127,1.03,0,1
160.5,54.28,177.1,129.4,105.3,-19.8,-0.2,4.701,1.127,1.03,0,1
161.0,54.35,177.1,129.4,105.1,-19.7,-0.2,4.701,1.126,1.03,0,1
161.5,54.42,177.1,129.3,104.9,-19.6,-0.2,4.701,1.126,1.03,0,1
162.0,54.49,177.1,129.3,104.8,-19.5,-0.2,4.701,1.125,1.03,0,1
162.5,54.56,177.0,129.3,104.6,-19.4,-0.2,4.701,1.125,1.03,0,1
163.0,54.62,177.0,129.3,104.4,-19.3,-0.2,4.701,1.124,1.03,0,1
163.5,54.69,177.0,129.3,104.2,-19.3,-0.2,4.7,1.124,1.03,0,1
164.0,54.76,177.0,129.3,104.1,-19.2,-0.2,4.7,1.123,1.03,0,1
164.5,54.83,177.0,129.3,103.9,-19.1,-0.2,4.7,1.123,1.02,0,1
165.0,54.9,177.0,129.3,103.7,-19.0,-0.2,4.7,1.123,1.02,0,1
165.5,54.96,176.9,129.2,103.6,-19.0,-0.2,4.7,1.122,1.02,0,1
166.0,55.03,176.9,129.2,103.4,-18.9,-0.2,4.7,1.122,1.02,0,1
166.5,55.1,176.9,129.2,103.2,-18.8,-0.2,4.7,1.121,1.02,0,1
167.0,55.17,176.9,129.2,103.1,-18.8,-0.2,4.7,1.121,1.02,0,1
167.5,55.23,176.9,129.2,102.9,-18.7,-0.2,4.7,1.12,1.02,0,1
168.0,55.3,176.9,129.2,102.7,-18.6,-0.2,4.7,1.12,1.02,0,1
168.5,55.37,176.9,129.2,102.6,-18.6,-0.2,4.7,1.119,1.02,0,1
169.0,55.44,176.8,129.2,102.4,-18.5,-0.2,4.7,1.119,1.02,0,1
169.5,55.5,176.8,129.2,102.2,-18.5,-0.2,4.7,1.119,1.02,0,1
170.0,55.57,176.8,129.2,102.1,-18.4,-0.2,4.7,1.118,1.02,0,1
170.5,55.64,176.8,129.2,101.9,-18.4,-0.2,4.7,1.118,1.02,0,1
171.0,55.7,176.8,129.1,101.8,-18.3,-0.2,4.699,1.117,1.02,0,1
171.5,55.77,176.8,129.1,101.6,-18.3,-0.2,4.699,1.117,1.02,0,1
172.0,55.84,176.8,129.1,101.4,-18.2,-0.2,4.699,1.116,1.02,0,1
172.5,55.9,176.8,129.1,101.3,-18.2,-0.2,4.699,1.116,1.02,0,1
173.0,55.97,176.8,129.1,101.1,-18.1,-0.2,4.699,1.116,1.01,0,1
173.5,56.03,176.8,129.1,101.0,-18.1,-0.2,4.699,1.115,1.01,0,1
174.0,56.1,176.7,129.1,100.8,-18.0,-0.2,4.699,1.115,1.01,0,1
174.5,56.17,176.7,129.1,100.6,-18.0,-0.2,4.699,1.114,1.01,0,1
175.0,56.23,176.7,129.1,100.5,-18.0,-0.2,4.699,1.114,1.01,0,1
175.5,56.3,176.7,129.1,100.3,-17.9,-0.2,4.699,1.114,1.01,0,1
176.0,56.36,176.7,129.1,100.1,-17.9,-0.2,4.699,1.113,1.01,0,1
176.5,56.43,176.7,129.1,100.0,-17.9,-0.2,4.699,1.113,1.01,0,1
177.0,56.49,176.7,129.1,99.8,-17.8,-0.2,4.699,1.113,1.01,0,1
177.5,56.56,176.7,129.0,99.7,-17.8,-0.2,4.699,1.112,1.01,0,1
178.0,56.63,176.7,129.0,99.5,-17.8,-0.2,4.699,1.112,1.01,0,1
178.5,56.69,176.7,129.0,99.4,-17.7,-0.2,4.699,1.111,1.01,0,1
179.0,56.76,176.7,129.0,99.2,-17.7,-0.2,4.699,1.111,1.01,0,1
179.5,56.82,176.6,129.0,99.0,-17.7,-0.2,4.699,1.111,1.01,0,1
180.0,56.89,176.6,129.0,98.9,-17.7,-0.2,4.699,1.11,1.01,0,1
180.5,56.95,176.6,129.0,98.7,-17.6,-0.2,4.699,1.11,1.01,0,1
181.0,57.02,176.6,129.0,98.6,-17.6,-0.2,4.699,1.11,1.01,0,1
181.5,57.08,176.6,129.0,98.4,-17.6,-0.2,4.699,1.109,1.01,0,1
182.0,57.14,176.6,129.0,98.2,-17.6,-0.2,4.699,1.109,1.01,0,1
182.5,57.21,176.6,129.0,98.1,-17.6,-0.2,4.699,1.109,1.01,0,1
183.0,57.27,176.6,129.0,97.9,-17.5,-0.2,4.699,1.108,1.01,0,1
183.5,57.34,176.6,129.0,97.8,-17.5,-0.2,4.699,1.108,1.01,0,1
184.0,57.4,176.6,129.0,97.6,-17.5,-0.2,4.699,1.108,1.01,0,1
184.5,57.47,176.6,129.0,97.5,-17.5,-0.2,4.699,1.107,1.01,0,1
185.0,57.53,176.6,129.0,97.3,-17.4,-0.2,4.699,1.107,1.01,0,1
185.5,57.59,176.5,129.0,97.1,-17.4,-0.2,4.699,1.107,1.01,0,1
186.0,57.66,176.5,129.0,97.0,-17.4,-0.2,4.699,1.106,1.01,0,1
186.5,57.72,176.5,128.9,96.8,-17.4,-0.2,4.699,1.106,1.01,0,1
187.0,57.79,176.5,128.9,96.7,-17.3,-0.2,4.699,1.106,1.01,0,1
187.5,57.85,176.5,128.9,96.5,-17.3,-0.2,4.699,1.105,1.01,0,1
188.0,57.91,176.5,128.9,96.4,-17.3,-0.2,4.699,1.105,1.01,0,1
188.5,57.98,176.5,128.9,96.2,-17.2,-0.2,4.699,1.105,1.01,0,1
189.0,58.04,176.5,128.9,96.1,-17.2,-0.2,4.699,1.104,1.01,0,1
189.5,58.1,176.5,128.9,95.9,-17.2,-0.2,4.699,1.104,1.01,0,1
190.0,58.17,176.5,128.9,95.7,-17.1,-0.2,4.699,1.104,1.01,0,1
190.5,58.23,176.5,128.9,95.6,-17.1,-0.2,4.699,1.104,1.01,0,1
191.0,58.29,176.5,128.9,95.4,-17.0,-0.2,4.699,1.103,1.01,0,1
191.5,58.35,176.5,128.9,95.3,-16.9,-0.2,4.699,1.103,1.01,0,1
192.0,58.42,176.4,128.9,95.1,-16.9,-0.2,4.699,1.103,1.01,0,1
192.5,58.48,176.4,128.9,95.0,-16.8,-0.2,4.699,1.102,1.01,0,1
193.0,58.54,176.4,128.9,94.8,-16.7,-0.2,4.699,1.102,1.02,0,1
193.5,58.6,176.4,128.9,94.7,-16.6,-0.2,4.7,1.102,1.02,0,1
194.0,58.67,176.4,128.9,94.5,-16.5,-0.2,4.7,1.102,1.02,0,1
194.5,58.73,176.4,128.9,94.4,-16.4,-0.2,4.7,1.101,1.02,0,1
195.0,58.79,176.4,128.9,94.2,-16.3,-0.2,4.7,1.101,1.02,0,1
195.5,58.85,176.4,128.9,94.1,-16.2,-0.2,4.7,1.101,1.02,0,1
196.0,58.92,176.4,128.9,93.9,-16.1,-0.2,4.7,1.1,1.02,0,1
196.5,58.98,176.4,128.9,93.8,-15.9,-0.2,4.7,1.1,1.02,0,1
197.0,59.04,176.4,128.9,93.6,-15.8,-0.2,4.701,1.1,1.02,0,1
197.5,59.1,176.4,128.9,93.5,-15.6,-0.2,4.701,1.099,1.02,0,1
198.0,59.16,176.4,128.9,93.3,-15.4,-0.2,4.701,1.099,1.03,0,1
198.5,59.23,176.4,128.9,93.2,-15.2,-0.2,4.701,1.099,1.03,0,1
199.0,59.29,176.4,128.9,93.0,-15.0,-0.2,4.701,1.099,1.03,0,1
199.5,59.35,176.4,128.9,92.9,-14.8,-0.2,4.702,1.098,1.03,0,1
200.0,59.41,176.4,128.9,92.8,-14.6,-0.2,4.702,1.098,1.03,0,1
200.5,59.47,176.5,128.9,92.6,-14.4,-0.2,4.702,1.098,1.03,0,1
201.0,59.53,176.5,128.9,92.5,-14.2,-0.2,4.703,1.097,1.03,0,1
201.5,59.59,176.5,128.9,92.4,-14.0,-0.2,4.703,1.097,1.03,0,1
202.0,59.65,176.5,128.9,92.2,-13.8,-0.2,4.703,1.097,1.03,0,1
202.5,59.72,176.5,128.9,92.1,-13.6,-0.2,4.704,1.097,1.03,0,1
203.0,59.78,176.5,128.9,92.0,-13.4,-0.2,4.704,1.096,1.03,0,1
203.5,59.84,176.6,128.9,91.9,-13.2,-0.2,4.704,1.096,1.02,0,1
204.0,59.9,176.6,128.9,91.7,-13.0,-0.2,4.705,1.096,1.02,0,1
204.5,59.96,176.6,128.9,91.6,-12.8,-0.2,4.705,1.096,1.02,0,1
205.0,60.02,176.6,128.9,91.5,-12.6,-0.2,4.705,1.095,1.02,0,1
205.5,60.08,176.7,128.9,91.4,-12.5,-0.2,4.706,1.095,1.02,0,1
206.0,60.14,176.7,128.9,91.3,-12.3,-0.2,4.706,1.095,1.01,0,1
206.5,60.2,176.7,128.9,91.2,-12.2,-0.2,4.706,1.095,1.01,0,1
207.0,60.26,176.8,128.9,91.1,-12.1,-0.2,4.707,1.094,1.01,0,1
207.5,60.32,176.8,128.9,90.9,-12.0,-0.2,4.707,1.094,1.01,0,1
208.0,60.38,176.8,128.9,90.8,-11.9,-0.2,4.708,1.094,1.0,0,1
208.5,60.44,176.9,128.9,90.7,-11.9,-0.2,4.708,1.094,1.0,0,1
209.0,60.5,176.9,128.9,90.6,-11.8,-0.2,4.708,1.094,1.0,0,1
209.5,60.56,176.9,128.9,90.5,-11.8,-0.2,4.709,1.093,1.0,0,1
210.0,60.62,177.0,128.9,90.4,-11.7,-0.2,4.709,1.093,1.0,0,1
210.5,60.68,177.0,128.9,90.3,-11.7,-0.2,4.709,1.093,1.0,0,1
211.0,60.74,177.0,128.9,90.2,-11.7,-0.2,4.709,1.093,0.99,0,1
211.5,60.8,177.1,128.9,90.1,-11.7,-0.2,4.71,1.093,0.99,0,1
212.0,60.86,177.1,128.9,90.0,-11.7,-0.3,4.71,1.093,0.99,0,1
212.5,60.92,177.2,128.9,89.9,-11.7,-0.3,4.71,1.092,0.99,0,1
213.0,60.98,177.2,128.9,89.8,-11.8,-0.3,4.71,1.092,0.99,0,0
213.5,61.04,174.0,129.3,86.4,-25.4,9.0,4.715,1.085,7.84,0,0
214.0,61.09,170.3,129.9,82.6,-35.9,14.2,4.733,1.073,7.87,0,0
214.5,61.14,165.9,130.8,78.1,-43.4,18.3,4.764,1.06,7.6,0,0
215.0,61.17,161.1,131.8,73.1,-48.7,21.7,4.806,1.046,7.34,0,0
215.5,61.2,156.0,132.9,67.9,-52.4,24.7,4.858,1.033,7.1,0,0
216.0,61.21,150.9,134.0,62.5,-55.0,27.4,4.917,1.019,6.86,0,0
216.5,61.22,145.7,135.0,57.1,-56.7,29.9,4.983,1.006,6.63,0,0
217.0,61.2,140.3,135.9,51.6,-57.9,32.3,5.055,0.992,6.43,0,0
217.5,61.18,134.6,136.7,45.7,-58.8,34.9,5.133,0.978,6.39,0,0
218.0,61.14,128.6,137.3,39.5,-59.4,37.4,5.215,0.964,6.35,0,0
218.5,61.09,122.4,137.9,33.0,-59.9,40.1,5.301,0.95,6.3,0,0
219.0,61.02,115.8,138.4,26.2,-60.3,42.8,5.392,0.935,6.26,0,0
219.5,60.94,108.7,138.9,19.0,-60.6,45.6,5.486,0.92,6.22,0,0
220.0,60.84,101.1,139.3,11.2,-61.0,48.5,5.584,0.905,6.19,0,0
220.5,60.72,93.9,139.7,3.7,-60.9,51.3,5.686,0.889,5.75,0,0
221.0,60.6,93.1,140.1,2.7,-59.0,51.7,5.79,0.877,3.51,0,0
221.5,60.46,93.5,140.5,2.9,-57.8,51.6,5.895,0.868,2.0,0,0
222.0,60.32,93.3,141.0,2.5,-57.5,51.5,6.0,0.861,1.33,0,0
222.5,60.18,92.5,141.4,1.5,-57.7,51.6,6.105,0.855,1.1,0,0
223.0,60.04,91.4,141.8,0.2,-58.1,51.7,6.208,0.848,1.04,0,0
223.5,59.89,90.1,142.3,358.8,-58.4,51.9,6.311,0.842,1.04,0,0
224.0,59.74,88.7,142.8,357.2,-58.8,52.0,6.412,0.836,1.05,0,0
224.5,59.59,87.4,143.3,355.7,-59.1,52.2,6.513,0.83,1.06,0,0
225.0,59.43,86.0,143.8,354.2,-59.3,52.3,6.613,0.824,1.05,0,0
225.5,59.27,84.7,144.4,352.7,-59.4,52.3,6.713,0.818,1.03,0,0
226.0,59.11,83.4,144.9,351.2,-59.5,52.4,6.811,0.812,1.02,0,0
226.5,58.95,82.1,145.5,349.7,-59.6,52.4,6.908,0.806,1.0,0,0
227.0,58.79,80.9,146.1,348.3,-59.7,52.5,7.005,0.8,0.98,0,0
227.5,58.62,79.6,146.7,346.9,-59.7,52.5,7.101,0.793,0.97,0,0
228.0,58.45,78.5,147.3,345.5,-59.7,52.5,7.196,0.787,0.95,0,0
228.5,58.28,77.3,148.0,344.2,-59.6,52.5,7.289,0.781,0.92,0,0
229.0,58.1,76.2,148.6,342.9,-59.5,52.4,7.382,0.775,0.9,0,0
229.5,57.92,75.1,149.3,341.7,-59.4,52.3,7.474,0.769,0.89,0,0
230.0,57.75,74.0,150.0,340.4,-59.2,52.3,7.565,0.762,0.87,0,0
230.5,57.56,72.9,150.6,339.1,-59.1,52.2,7.655,0.756,0.86,0,0
231.0,57.38,71.8,151.3,337.9,-58.9,52.1,7.744,0.749,0.85,0,0
231.5,57.19,70.7,152.0,336.6,-58.7,52.0,7.832,0.743,0.85,0,0
232.0,57.01,69.6,152.7,335.3,-58.5,52.0,7.919,0.736,0.84,0,0
232.5,56.82,68.5,153.5,334.1,-58.3,51.9,8.005,0.73,0.83,0,0
233.0,56.63,67.3,154.2,332.8,-58.1,51.8,8.09,0.723,0.83,0,0
233.5,56.43,66.2,154.9,331.5,-57.9,51.7,8.174,0.717,0.83,0,0
234.0,56.24,66.4,155.6,331.6,-57.0,51.0,8.257,0.71,0.6,0,0
234.5,56.04,68.9,156.4,334.0,-56.1,49.4,8.338,0.703,0.04,0,0
235.0,55.84,70.5,157.1,335.4,-55.9,48.2,8.418,0.697,-0.18,0,0
235.5,55.64,71.9,157.9,336.7,-55.8,47.0,8.496,0.69,-0.32,0,0
236.0,55.45,73.2,158.4,337.8,-55.8,45.7,8.572,0.684,-0.41,0,0
236.5,55.25,74.5,158.8,339.0,-55.9,44.4,8.645,0.677,-0.47,0,0
237.0,55.05,75.7,159.2,340.0,-55.9,43.2,8.716,0.671,-0.49,0,0
237.5,54.85,76.7,159.5,340.9,-55.9,41.9,8.785,0.665,-0.47,0,0
238.0,54.66,77.6,159.9,341.6,-56.0,40.7,8.852,0.659,-0.44,0,0
238.5,54.46,78.3,160.2,342.2,-55.9,39.5,8.916,0.654,-0.41,0,0
239.0,54.27,79.0,160.6,342.8,-55.9,38.3,8.978,0.648,-0.36,0,0
239.5,54.07,79.6,160.9,343.2,-55.8,37.1,9.038,0.643,-0.32,0,0
240.0,53.88,80.2,161.3,343.7,-55.7,35.9,9.096,0.638,-0.3,0,0
240.5,53.68,80.8,161.7,344.1,-55.6,34.6,9.151,0.634,-0.27,0,1
241.0,53.49,84.6,159.6,347.8,-38.3,31.3,9.203,0.632,-1.3,0,1
241.5,53.3,86.9,159.8,349.9,-7.7,24.9,9.252,0.628,-1.03,0,1
242.0,53.11,84.8,159.9,347.7,12.2,18.5,9.297,0.623,-1.35,0,1
242.5,52.92,81.0,159.6,343.7,24.7,13.5,9.336,0.618,-1.59,0,1
243.0,52.73,76.9,158.8,339.5,32.9,9.6,9.37,0.613,-1.76,0,1
243.5,52.54,73.2,157.5,335.6,38.7,6.3,9.397,0.609,-1.85,0,1
244.0,52.35,69.7,156.1,331.9,42.9,3.3,9.419,0.605,-1.86,0,1
244.5,52.16,66.5,154.9,328.5,46.3,0.5,9.435,0.602,-1.81,0,1
245.0,51.97,63.5,154.0,325.4,49.0,-2.3,9.445,0.599,-1.76,0,1
245.5,51.77,60.7,153.2,322.4,51.1,-5.0,9.449,0.598,-1.73,0,1
246.0,51.58,58.0,152.5,319.5,52.8,-7.7,9.449,0.597,-1.71,0,1
246.5,51.38,55.5,151.9,316.8,54.2,-10.4,9.444,0.597,-1.7,0,1
247.0,51.18,53.0,151.3,314.1,55.4,-13.1,9.434,0.598,-1.7,0,1
247.5,50.98,50.5,150.8,311.4,56.3,-15.8,9.419,0.6,-1.7,0,1
248.0,50.78,48.1,150.2,308.8,57.1,-18.6,9.399,0.602,-1.71,0,1
248.5,50.58,45.6,149.7,306.1,57.8,-21.3,9.375,0.605,-1.72,0,1
249.0,50.38,43.0,149.1,303.4,58.4,-24.1,9.346,0.608,-1.74,0,1
249.5,50.17,40.4,148.6,300.5,59.0,-26.8,9.313,0.613,-1.77,0,1
250.0,49.96,37.6,148.1,297.6,59.6,-29.6,9.275,0.617,-1.8,0,1
250.5,49.76,34.8,147.5,294.6,60.2,-32.3,9.233,0.623,-1.83,0,1
251.0,49.55,31.8,147.0,291.4,60.8,-35.0,9.186,0.629,-1.87,0,1
251.5,49.34,30.7,146.5,290.1,60.6,-36.8,9.134,0.635,-1.9,0,1
252.0,49.13,32.4,146.0,291.6,59.7,-37.3,9.079,0.643,-1.02,0,1
252.5,48.92,34.0,145.4,293.1,58.8,-37.7,9.019,0.655,-0.45,0,1
253.0,48.71,35.5,144.9,294.4,57.9,-38.2,8.957,0.668,-0.1,0,1
253.5,48.51,37.0,144.6,295.6,57.2,-38.5,8.892,0.682,0.15,0,1
254.0,48.3,38.4,144.1,296.9,56.7,-38.7,8.824,0.695,0.36,0,1
254.5,48.09,39.8,143.6,298.1,56.4,-38.9,8.755,0.71,0.54,0,1
255.0,47.89,41.4,143.1,299.4,56.3,-39.0,8.683,0.723,0.71,0,1
255.5,47.68,43.1,142.7,301.0,56.3,-39.0,8.609,0.737,0.88,0,1
256.0,47.48,44.9,142.2,302.6,56.5,-39.0,8.533,0.751,1.03,0,1
256.5,47.27,46.8,141.8,304.3,56.7,-38.9,8.456,0.764,1.17,0,1
257.0,47.07,48.8,141.4,306.1,57.0,-38.8,8.378,0.777,1.29,0,1
257.5,46.87,50.9,141.0,307.9,57.4,-38.7,8.298,0.79,1.4,0,1
258.0,46.68,53.0,140.6,309.7,57.8,-38.5,8.217,0.802,1.49,0,1
258.5,46.48,55.0,140.1,311.6,58.1,-38.4,8.135,0.815,1.53,0,1
259.0,46.29,57.1,139.7,313.4,58.4,-38.3,8.052,0.827,1.56,0,1
259.5,46.1,59.1,139.3,315.1,58.5,-38.2,7.968,0.839,1.56,0,1
260.0,45.92,61.0,139.0,316.8,58.6,-38.1,7.883,0.85,1.56,0,1
260.5,45.74,62.9,138.6,318.4,58.7,-38.1,7.797,0.862,1.55,0,1
261.0,45.56,64.8,138.2,320.0,58.7,-38.1,7.711,0.873,1.53,0,1
261.5,45.38,66.6,137.8,321.6,58.7,-38.1,7.623,0.885,1.51,0,1
262.0,45.21,68.4,137.4,323.1,58.7,-38.1,7.534,0.896,1.49,0,1
262.5,45.04,70.1,137.1,324.5,58.6,-38.1,7.444,0.907,1.47,0,1
263.0,44.88,71.8,136.7,325.9,58.6,-38.1,7.354,0.918,1.44,0,1
263.5,44.71,73.5,136.3,327.3,58.5,-38.1,7.262,0.929,1.41,0,1
264.0,44.56,75.1,136.0,328.6,58.4,-38.1,7.169,0.94,1.38,0,1
264.5,44.4,76.6,135.6,329.8,58.4,-38.1,7.075,0.95,1.36,0,1
265.0,44.25,78.2,135.3,331.1,58.3,-38.1,6.981,0.961,1.34,0,1
265.5,44.11,79.7,134.9,332.3,58.2,-38.1,6.885,0.971,1.33,0,1
266.0,43.97,81.2,134.6,333.4,58.2,-38.2,6.788,0.982,1.31,0,1
266.5,43.83,82.7,134.2,334.6,58.1,-38.2,6.69,0.992,1.3,0,1
267.0,43.7,84.2,133.9,335.7,58.1,-38.2,6.591,1.002,1.29,0,1
267.5,43.57,85.6,133.6,336.8,58.0,-38.2,6.491,1.012,1.28,0,1
268.0,43.44,87.3,133.2,338.2,57.8,-38.0,6.39,1.021,1.46,0,1
268.5,43.32,90.6,132.9,341.1,57.3,-37.1,6.288,1.03,2.33,0,1
269.0,43.21,94.2,132.6,344.4,56.8,-35.9,6.187,1.037,3.0,0,1
269.5,43.1,98.1,132.3,347.9,56.4,-34.6,6.086,1.043,3.54,0,1
270.0,43.0,102.1,132.0,351.6,56.1,-33.1,5.988,1.048,3.99,0,1
270.5,42.91,106.3,131.7,355.4,55.9,-31.5,5.892,1.052,4.35,0,1
271.0,42.84,110.7,131.4,359.4,55.7,-29.8,5.799,1.055,4.66,0,1
271.5,42.77,115.0,131.1,3.4,55.6,-28.1,5.71,1.058,4.89,0,1
272.0,42.72,119.4,130.8,7.5,55.6,-26.3,5.625,1.059,5.08,0,1
272.5,42.68,123.8,130.5,11.5,55.6,-24.4,5.544,1.06,5.21,0,1
273.0,42.65,128.2,130.2,15.5,55.7,-22.6,5.467,1.061,5.29,0,1
273.5,42.63,132.5,130.0,19.4,55.8,-20.7,5.395,1.061,5.31,0,1
274.0,42.62,136.7,129.7,23.3,55.9,-19.0,5.329,1.061,5.29,0,1
274.5,42.62,140.7,129.5,27.0,56.1,-17.2,5.267,1.06,5.22,0,1
275.0,42.63,144.6,129.3,30.6,56.2,-15.6,5.21,1.059,5.1,0,1
275.5,42.65,147.9,129.1,33.5,54.7,-14.3,5.158,1.059,4.48,0,1
276.0,42.67,149.8,128.9,35.1,51.0,-13.7,5.109,1.059,3.48,0,1
276.5,42.7,151.3,128.8,36.3,46.6,-13.2,5.065,1.06,2.71,0,1
277.0,42.74,152.5,128.6,37.2,41.9,-12.8,5.022,1.062,2.27,0,1
277.5,42.77,153.7,128.5,38.1,37.0,-12.4,4.982,1.064,2.07,0,1
278.0,42.81,154.3,128.3,38.4,24.1,-12.4,4.944,1.064,1.94,0,1
278.5,42.85,155.1,128.2,38.9,17.5,-11.7,4.909,1.064,1.73,0,1
279.0,42.89,155.9,128.1,39.4,13.0,-10.9,4.875,1.065,2.01,0,1
279.5,42.94,156.5,128.0,39.7,8.8,-10.1,4.844,1.066,1.9,0,1
280.0,42.98,157.0,127.8,40.0,5.2,-9.2,4.815,1.067,1.81,0,1
280.5,43.02,157.4,127.7,40.1,2.0,-8.4,4.788,1.069,1.72,0,1
281.0,43.07,157.8,127.6,40.2,-0.6,-7.6,4.763,1.07,1.68,0,1
281.5,43.12,158.1,127.5,40.2,-2.6,-6.9,4.741,1.072,1.67,0,1
282.0,43.16,158.3,127.4,40.1,-4.2,-6.2,4.72,1.073,1.66,0,1
282.5,43.21,158.5,127.3,40.1,-5.3,-5.5,4.702,1.074,1.65,0,1
283.0,43.26,158.7,127.2,40.0,-6.1,-4.9,4.685,1.075,1.63,0,1
283.5,43.31,158.9,127.1,39.9,-6.7,-4.3,4.67,1.076,1.59,0,1
284.0,43.36,159.0,127.0,39.8,-7.2,-3.8,4.657,1.078,1.56,0,1
284.5,43.41,159.2,127.0,39.6,-7.6,-3.3,4.646,1.078,1.53,0,1
285.0,43.46,159.3,126.9,39.5,-8.0,-2.9,4.636,1.079,1.49,0,1
285.5,43.51,159.5,126.8,39.4,-8.3,-2.5,4.628,1.08,1.45,0,1
286.0,43.56,159.6,126.7,39.3,-8.6,-2.1,4.621,1.081,1.41,0,1
286.5,43.61,159.8,126.6,39.1,-8.7,-1.7,4.615,1.081,1.38,0,1
287.0,43.66,159.9,126.6,39.0,-8.9,-1.4,4.61,1.082,1.34,0,1
287.5,43.71,160.1,126.5,38.9,-9.0,-1.1,4.606,1.082,1.31,0,1
288.0,43.76,160.2,126.4,38.8,-9.1,-0.9,4.604,1.083,1.27,0,1
288.5,43.81,160.4,126.4,38.7,-9.3,-0.7,4.602,1.083,1.22,0,1
289.0,43.87,160.6,126.3,38.5,-9.5,-0.5,4.601,1.083,1.18,0,1
289.5,43.92,160.7,126.2,38.4,-9.6,-0.3,4.6,1.083,1.16,0,1
290.0,43.97,160.9,126.2,38.3,-9.9,-0.1,4.6,1.083,1.12,0,1
290.5,44.02,161.0,126.1,38.2,-10.1,-0.0,4.601,1.084,1.09,0,1
291.0,44.08,161.2,126.1,38.1,-10.4,0.1,4.602,1.084,1.06,0,1
291.5,44.13,161.4,126.0,38.0,-10.6,0.2,4.603,1.084,1.04,0,1
292.0,44.18,161.5,126.0,37.9,-10.8,0.2,4.604,1.084,1.03,0,1
292.5,44.24,161.7,125.9,37.8,-11.0,0.3,4.606,1.083,1.01,0,1
293.0,44.29,161.9,125.9,37.7,-11.1,0.3,4.608,1.083,0.99,0,1
293.5,44.35,162.0,125.8,37.6,-11.3,0.3,4.61,1.083,0.99,0,1
294.0,44.4,162.2,125.8,37.5,-11.5,0.3,4.612,1.083,0.96,0,1
294.5,44.46,162.4,125.8,37.4,-11.8,0.3,4.614,1.083,0.94,0,1
295.0,44.51,162.5,125.7,37.3,-12.2,0.3,4.616,1.083,0.92,0,1
295.5,44.57,162.7,125.7,37.2,-12.7,0.3,4.618,1.083,0.91,0,1
296.0,44.62,162.8,125.7,37.1,-13.3,0.3,4.62,1.083,0.89,0,1
296.5,44.68,163.0,125.6,37.0,-13.9,0.2,4.622,1.083,0.89,0,1
297.0,44.73,163.1,125.6,36.8,-14.4,0.2,4.623,1.083,0.89,0,1
297.5,44.79,163.3,125.6,36.7,-15.0,0.2,4.625,1.083,0.89,0,1
298.0,44.84,163.4,125.5,36.6,-15.5,0.2,4.626,1.084,0.9,0,1
298.5,44.9,163.5,125.5,36.5,-16.0,0.2,4.628,1.084,0.91,0,1
299.0,44.96,163.7,125.5,36.3,-16.4,0.1,4.629,1.084,0.91,0,1
299.5,45.01,163.8,125.5,36.2,-16.8,0.1,4.63,1.084,0.92,0,1
300.0,45.07,163.9,125.5,36.0,-17.2,0.1,4.631,1.084,0.93,0,1
300.5,45.12,164.0,125.4,35.9,-17.6,0.1,4.632,1.084,0.94,0,1
301.0,45.18,164.1,125.4,35.7,-17.8,0.0,4.633,1.085,0.95,0,1
301.5,45.24,164.2,125.4,35.6,-18.1,0.0,4.634,1.085,0.95,0,1
302.0,45.3,164.3,125.4,35.4,-18.3,0.0,4.634,1.085,0.95,0,1
302.5,45.35,164.4,125.4,35.3,-18.5,-0.0,4.635,1.085,0.96,0,1
303.0,45.41,164.5,125.3,35.1,-18.6,-0.0,4.636,1.085,0.96,0,1
303.5,45.47,164.6,125.3,34.9,-18.7,-0.0,4.636,1.085,0.97,0,1
304.0,45.52,164.6,125.3,34.8,-18.8,-0.1,4.637,1.085,0.98,0,1
304.5,45.58,164.7,125.3,34.6,-18.8,-0.1,4.637,1.086,0.98,0,1
305.0,45.64,164.8,125.3,34.4,-18.7,-0.1,4.637,1.086,0.99,0,1
305.5,45.7,164.9,125.3,34.2,-18.7,-0.1,4.638,1.086,1.0,0,1
306.0,45.76,165.0,125.3,34.1,-18.6,-0.1,4.638,1.086,1.01,0,1
306.5,45.81,165.0,125.3,33.9,-18.5,-0.1,4.638,1.086,1.01,0,1
307.0,45.87,165.1,125.3,33.7,-18.3,-0.2,4.638,1.086,1.02,0,1
307.5,45.93,165.2,125.2,33.6,-18.2,-0.2,4.638,1.087,1.02,0,1
308.0,45.99,165.3,125.2,33.4,-18.0,-0.2,4.638,1.087,1.02,0,1
308.5,46.05,165.4,125.2,33.2,-17.8,-0.2,4.638,1.087,1.03,0,1
309.0,46.1,165.5,125.2,33.1,-17.5,-0.2,4.638,1.087,1.03,0,1
309.5,46.16,165.5,125.2,32.9,-17.3,-0.2,4.638,1.087,1.03,0,1
310.0,46.22,165.6,125.2,32.7,-17.0,-0.2,4.638,1.087,1.03,0,1
310.5,46.28,165.7,125.2,32.6,-16.8,-0.2,4.638,1.087,1.03,0,1
311.0,46.34,165.8,125.2,32.4,-16.5,-0.3,4.638,1.087,1.04,0,1
311.5,46.4,165.9,125.2,32.3,-16.2,-0.3,4.638,1.087,1.04,0,1
312.0,46.46,166.0,125.2,32.1,-16.0,-0.3,4.638,1.087,1.04,0,1
312.5,46.51,166.1,125.2,31.9,-15.7,-0.3,4.638,1.087,1.04,0,1
313.0,46.57,166.2,125.2,31.8,-15.4,-0.3,4.638,1.088,1.04,0,1
313.5,46.63,166.3,125.2,31.7,-15.1,-0.3,4.638,1.088,1.04,0,1
314.0,46.69,166.4,125.2,31.5,-14.9,-0.3,4.638,1.088,1.04,0,1
314.5,46.75,166.5,125.2,31.4,-14.6,-0.3,4.638,1.088,1.04,0,1
315.0,46.81,166.6,125.2,31.2,-14.4,-0.3,4.638,1.088,1.04,0,1
315.5,46.87,166.7,125.2,31.1,-14.1,-0.3,4.638,1.088,1.04,0,1
316.0,46.93,166.8,125.2,31.0,-13.9,-0.3,4.637,1.088,1.04,0,1
316.5,46.99,166.9,125.2,30.8,-13.6,-0.3,4.637,1.088,1.04,0,1
317.0,47.05,167.0,125.2,30.7,-13.4,-0.3,4.637,1.088,1.04,0,1
317.5,47.11,167.1,125.2,30.6,-13.2,-0.3,4.637,1.088,1.03,0,1
318.0,47.16,167.2,125.2,30.4,-13.0,-0.3,4.637,1.088,1.03,0,1
318.5,47.22,167.3,125.2,30.3,-12.8,-0.3,4.637,1.088,1.03,0,1
319.0,47.28,167.4,125.2,30.2,-12.6,-0.3,4.637,1.088,1.03,0,1
319.5,47.34,167.5,125.2,30.1,-12.5,-0.3,4.637,1.088,1.03,0,1
320.0,47.4,167.7,125.3,30.0,-12.3,-0.3,4.637,1.088,1.03,0,1
320.5,47.46,167.8,125.3,29.8,-12.2,-0.3,4.637,1.088,1.02,0,1
321.0,47.52,167.9,125.3,29.7,-12.1,-0.3,4.638,1.088,1.02,0,1
321.5,47.58,168.0,125.3,29.6,-12.0,-0.3,4.638,1.088,1.02,0,1
322.0,47.64,168.1,125.3,29.5,-11.9,-0.3,4.638,1.088,1.02,0,1
322.5,47.7,168.3,125.3,29.4,-11.8,-0.3,4.638,1.087,1.02,0,1
323.0,47.76,168.4,125.3,29.3,-11.7,-0.3,4.638,1.087,1.02,0,1
323.5,47.82,168.5,125.3,29.2,-11.6,-0.3,4.638,1.087,1.01,0,1
324.0,47.88,168.6,125.3,29.1,-11.6,-0.3,4.638,1.087,1.01,0,1
324.5,47.94,168.7,125.3,29.0,-11.5,-0.3,4.638,1.087,1.01,0,1
325.0,48.0,168.9,125.4,28.9,-11.5,-0.3,4.639,1.087,1.01,0,1
325.5,48.06,169.0,125.4,28.7,-11.5,-0.3,4.639,1.087,1.01,0,1
326.0,48.12,169.1,125.4,28.6,-11.5,-0.3,4.639,1.087,1.01,0,1
326.5,48.18,169.2,125.4,28.5,-11.5,-0.3,4.639,1.087,1.01,0,1
327.0,48.24,169.3,125.4,28.4,-11.5,-0.3,4.639,1.087,1.0,0,1
327.5,48.3,169.4,125.4,28.3,-11.5,-0.3,4.64,1.087,1.0,0,1
328.0,48.36,169.6,125.4,28.2,-11.5,-0.3,4.64,1.087,1.0,0,1
328.5,48.42,169.7,125.4,28.1,-11.5,-0.3,4.64,1.087,1.0,0,1
329.0,48.48,169.8,125.5,28.0,-11.6,-0.3,4.64,1.087,1.0,0,1
329.5,48.54,169.9,125.5,27.9,-11.6,-0.3,4.641,1.087,1.0,0,1
330.0,48.6,170.0,125.5,27.8,-11.7,-0.3,4.641,1.087,1.0,0,1
330.5,48.66,170.1,125.5,27.7,-11.8,-0.2,4.641,1.087,1.0,0,1
331.0,48.71,170.2,125.5,27.6,-11.8,-0.2,4.641,1.087,1.0,0,1
331.5,48.77,170.4,125.5,27.5,-11.9,-0.2,4.642,1.087,0.99,0,1
332.0,48.83,170.5,125.5,27.4,-12.0,-0.2,4.642,1.087,0.99,0,1
332.5,48.89,170.6,125.6,27.3,-12.1,-0.2,4.642,1.087,0.99,0,1
333.0,48.95,170.7,125.6,27.1,-12.2,-0.2,4.642,1.087,0.99,0,1
333.5,49.01,170.8,125.6,27.0,-12.3,-0.2,4.643,1.087,0.99,0,1
334.0,49.07,170.9,125.6,26.9,-12.4,-0.2,4.643,1.087,0.99,0,1
334.5,49.13,171.0,125.6,26.8,-12.5,-0.2,4.643,1.087,0.99,0,1
335.0,49.19,171.1,125.6,26.7,-12.6,-0.2,4.644,1.087,0.99,0,1
335.5,49.25,171.2,125.7,26.6,-12.7,-0.2,4.644,1.087,0.99,0,1
336.0,49.31,171.3,125.7,26.5,-12.8,-0.2,4.644,1.087,0.99,0,1
336.5,49.37,171.4,125.7,26.4,-12.9,-0.2,4.644,1.087,0.98,0,1
337.0,49.43,171.5,125.7,26.2,-13.1,-0.2,4.645,1.087,0.98,0,1
337.5,49.49,171.6,125.7,26.1,-13.2,-0.2,4.645,1.087,0.98,0,1
338.0,49.55,171.7,125.7,26.0,-13.3,-0.2,4.645,1.087,0.98,0,1
338.5,49.61,171.7,125.7,25.9,-13.5,-0.2,4.646,1.087,0.98,0,1
339.0,49.67,171.8,125.8,25.8,-13.6,-0.2,4.646,1.087,0.98,0,1
339.5,49.73,171.9,125.8,25.6,-13.7,-0.2,4.646,1.087,0.98,0,1
340.0,49.79,172.0,125.8,25.5,-13.9,-0.2,4.646,1.087,0.98,0,1
340.5,49.85,172.1,125.8,25.4,-14.0,-0.2,4.647,1.087,0.98,0,1
341.0,49.9,172.2,125.8,25.2,-14.1,-0.2,4.647,1.087,0.98,0,1
341.5,49.96,172.2,125.8,25.1,-14.3,-0.2,4.647,1.087,0.98,0,1
342.0,50.02,172.3,125.9,25.0,-14.4,-0.2,4.647,1.087,0.98,0,1
342.5,50.08,172.4,125.9,24.9,-14.6,-0.2,4.647,1.087,0.98,0,1
343.0,50.14,172.5,125.9,24.7,-14.7,-0.2,4.648,1.087,0.98,0,1
343.5,50.2,172.5,125.9,24.6,-14.9,-0.2,4.648,1.087,0.98,0,1
344.0,50.26,172.6,125.9,24.5,-15.0,-0.2,4.648,1.087,0.98,0,1
344.5,50.32,172.7,125.9,24.3,-15.2,-0.2,4.648,1.087,0.98,0,1
345.0,50.38,172.7,126.0,24.2,-15.3,-0.2,4.648,1.087,0.98,0,1
345.5,50.44,172.8,126.0,24.0,-15.5,-0.2,4.648,1.087,0.98,0,1
346.0,50.49,172.9,126.0,23.9,-15.6,-0.2,4.649,1.087,0.98,0,1
346.5,50.55,172.9,126.0,23.8,-15.8,-0.2,4.649,1.087,0.98,0,1
347.0,50.61,173.0,126.0,23.6,-15.9,-0.2,4.649,1.087,0.98,0,1
347.5,50.67,173.0,126.0,23.5,-16.0,-0.2,4.649,1.087,0.98,0,1
348.0,50.73,173.1,126.1,23.3,-16.2,-0.2,4.649,1.088,0.98,0,1
348.5,50.79,173.1,126.1,23.2,-16.3,-0.2,4.649,1.088,0.98,0,1
349.0,50.85,173.2,126.1,23.0,-16.5,-0.2,4.649,1.088,0.98,0,1
349.5,50.91,173.2,126.1,22.9,-16.6,-0.2,4.649,1.088,0.98,0,1
350.0,50.96,173.3,126.1,22.7,-16.7,-0.2,4.649,1.088,0.98,0,1
350.5,51.02,173.3,126.1,22.6,-16.9,-0.2,4.649,1.088,0.98,0,1
351.0,51.08,173.4,126.2,22.4,-17.0,-0.2,4.649,1.088,0.98,0,1
351.5,51.14,173.4,126.2,22.2,-17.1,-0.2,4.649,1.088,0.98,0,1
352.0,51.2,173.4,126.2,22.1,-17.3,-0.2,4.649,1.088,0.98,0,1
352.5,51.26,173.5,126.2,21.9,-17.4,-0.2,4.649,1.088,0.98,0,1
353.0,51.32,173.5,126.2,21.8,-17.5,-0.2,4.649,1.088,0.99,0,1
353.5,51.37,173.6,126.2,21.6,-17.6,-0.2,4.649,1.088,0.99,0,1
354.0,51.43,173.6,126.2,21.4,-17.7,-0.2,4.649,1.088,0.99,0,1
354.5,51.49,173.6,126.3,21.3,-17.8,-0.2,4.649,1.088,0.99,0,1
355.0,51.55,173.6,126.3,21.1,-17.9,-0.2,4.649,1.088,0.99,0,1
355.5,51.61,173.7,126.3,20.9,-18.0,-0.3,4.649,1.089,0.99,0,1
356.0,51.66,173.7,126.3,20.8,-18.1,-0.3,4.649,1.089,0.99,0,1
356.5,51.72,173.7,126.3,20.6,-18.2,-0.3,4.649,1.089,0.99,0,1
357.0,51.78,173.8,126.3,20.4,-18.3,-0.3,4.648,1.089,0.99,0,1
357.5,51.84,173.8,126.3,20.3,-18.4,-0.3,4.648,1.089,0.99,0,1
358.0,51.9,173.8,126.4,20.1,-18.5,-0.3,4.648,1.089,0.99,0,1
358.5,51.95,173.8,126.4,19.9,-18.6,-0.3,4.648,1.089,1.0,0,1
359.0,52.01,173.8,126.4,19.7,-18.7,-0.3,4.648,1.089,1.0,0,1
359.5,52.07,173.9,126.4,19.6,-18.7,-0.3,4.647,1.089,1.0,0,1
360.0,52.13,173.9,126.4,19.4,-18.8,-0.3,4.647,1.089,1.0,0,1
360.5,52.19,173.9,126.4,19.2,-18.8,-0.3,4.647,1.089,1.0,0,1
361.0,52.24,173.9,126.4,19.0,-18.9,-0.3,4.647,1.089,1.0,0,1
361.5,52.3,173.9,126.5,18.9,-18.9,-0.3,4.646,1.09,1.0,0,1
362.0,52.36,173.9,126.5,18.7,-19.0,-0.3,4.646,1.09,1.0,0,1
362.5,52.42,174.0,126.5,18.5,-19.0,-0.3,4.646,1.09,1.0,0,1
363.0,52.47,174.0,126.5,18.3,-19.1,-0.3,4.646,1.09,1.01,0,1
363.5,52.53,174.0,126.5,18.1,-19.1,-0.3,4.645,1.09,1.01,0,1
364.0,52.59,174.0,126.5,18.0,-19.1,-0.3,4.645,1.09,1.01,0,1
364.5,52.65,174.0,126.5,17.8,-19.1,-0.3,4.645,1.09,1.01,0,1
365.0,52.7,174.0,126.5,17.6,-19.2,-0.3,4.644,1.09,1.01,0,1
365.5,52.76,174.0,126.6,17.4,-19.2,-0.3,4.644,1.09,1.01,0,0
366.0,52.82,169.8,127.0,13.0,-30.8,8.5,4.648,1.083,7.91,0,0
366.5,52.87,165.7,127.7,8.7,-39.6,13.5,4.664,1.071,7.96,0,0
367.0,52.91,161.2,128.6,4.0,-45.8,17.4,4.694,1.058,7.7,0,0
367.5,52.94,156.3,129.6,358.9,-50.3,20.7,4.734,1.045,7.45,0,0
368.0,52.96,151.3,130.7,353.6,-53.4,23.7,4.783,1.032,7.21,0,0
368.5,52.97,146.1,131.7,348.2,-55.6,26.4,4.841,1.018,6.97,0,0
369.0,52.97,140.9,132.5,342.8,-57.1,28.9,4.905,1.005,6.74,0,0
369.5,52.95,135.6,133.3,337.2,-58.1,31.4,4.974,0.991,6.55,0,0
370.0,52.91,129.9,133.9,331.3,-58.9,34.0,5.05,0.978,6.51,0,0
370.5,52.87,123.9,134.4,325.0,-59.4,36.6,5.13,0.964,6.46,0,0
371.0,52.8,117.7,134.8,318.5,-59.9,39.3,5.215,0.95,6.41,0,0
371.5,52.72,111.1,135.2,311.7,-60.3,42.0,5.304,0.935,6.37,0,0
372.0,52.63,104.1,135.5,304.4,-60.6,44.9,5.398,0.92,6.33,0,0
372.5,52.52,96.6,135.8,296.6,-61.0,47.8,5.495,0.905,6.3,0,0
373.0,52.4,88.6,136.2,288.4,-61.3,50.9,5.595,0.889,6.17,0,0
373.5,52.27,86.5,136.5,286.1,-59.5,51.8,5.699,0.876,4.03,0,0
374.0,52.12,87.1,136.8,286.4,-58.0,51.7,5.804,0.867,2.23,0,0
374.5,51.97,87.1,137.1,286.2,-57.5,51.5,5.909,0.86,1.4,0,0
375.0,51.82,86.5,137.5,285.3,-57.6,51.6,6.013,0.853,1.1,0,0
375.5,51.67,85.5,137.9,284.1,-58.0,51.7,6.117,0.847,1.02,0,0
376.0,51.51,84.3,138.3,282.7,-58.4,51.9,6.219,0.841,1.03,0,0
376.5,51.35,83.0,138.7,281.1,-58.7,52.0,6.321,0.835,1.04,0,0
377.0,51.19,81.7,139.1,279.6,-59.0,52.1,6.422,0.829,1.05,0,0
377.5,51.02,80.4,139.6,278.0,-59.2,52.2,6.522,0.823,1.05,0,0
378.0,50.86,79.1,140.1,276.5,-59.4,52.3,6.621,0.817,1.04,0,0
378.5,50.69,77.9,140.6,275.1,-59.5,52.4,6.72,0.811,1.02,0,0
379.0,50.52,76.7,141.1,273.6,-59.6,52.4,6.817,0.805,1.0,0,1
379.5,50.35,83.8,137.4,280.5,-30.5,48.4,6.914,0.803,-1.4,0,1
380.0,50.18,86.7,138.5,283.2,-4.6,41.2,7.006,0.798,-2.86,0,1
380.5,50.02,85.5,138.6,281.8,10.3,34.6,7.093,0.793,-3.56,0,1
381.0,49.85,82.9,138.6,278.9,19.7,28.7,7.17,0.787,-3.71,0,1
381.5,49.69,79.7,138.5,275.5,26.3,23.3,7.238,0.781,-3.72,0,1
382.0,49.52,76.3,138.2,271.8,31.4,18.4,7.297,0.775,-3.69,0,1
382.5,49.35,72.8,138.0,268.0,35.7,13.8,7.346,0.769,-3.64,0,1
383.0,49.17,69.3,137.6,264.2,39.4,9.5,7.385,0.763,-3.59,0,1
383.5,48.99,65.7,137.3,260.3,42.7,5.5,7.415,0.757,-3.53,0,1
384.0,48.81,62.2,137.0,256.5,45.7,1.8,7.437,0.751,-3.47,0,1
384.5,48.62,58.6,136.6,252.6,48.4,-1.8,7.45,0.745,-3.41,0,1
385.0,48.43,55.0,136.3,248.7,50.9,-5.2,7.455,0.74,-3.35,0,1
385.5,48.24,51.4,136.0,244.8,53.2,-8.4,7.452,0.735,-3.3,0,1
386.0,48.04,47.7,135.7,240.9,55.3,-11.4,7.443,0.73,-3.24,0,1
386.5,47.84,44.0,135.4,237.0,57.2,-14.3,7.426,0.725,-3.13,0,1
387.0,47.63,40.3,135.1,233.0,58.8,-17.1,7.403,0.722,-3.03,0,1
387.5,47.43,36.6,134.8,229.0,60.3,-19.8,7.375,0.719,-2.95,0,1
388.0,47.22,32.9,134.5,225.1,61.7,-22.5,7.341,0.716,-2.89,0,1
388.5,47.01,29.2,134.3,221.1,62.9,-25.0,7.301,0.714,-2.84,0,1
389.0,46.8,25.4,134.0,217.0,63.9,-27.4,7.257,0.712,-2.79,0,1
389.5,46.59,21.6,133.8,213.0,64.9,-29.9,7.208,0.711,-2.76,0,1
390.0,46.38,17.7,133.6,208.8,65.8,-32.2,7.155,0.711,-2.74,0,1
390.5,46.16,14.1,133.3,205.0,66.4,-34.4,7.097,0.71,-2.73,0,1
391.0,45.95,14.5,133.1,205.1,65.8,-35.2,7.035,0.712,-1.81,0,1
391.5,45.74,16.6,133.0,207.0,64.3,-35.4,6.97,0.719,-0.46,0,1
392.0,45.53,18.9,132.8,209.1,62.9,-35.6,6.903,0.73,0.11,0,1
392.5,45.32,19.9,132.6,209.9,62.0,-36.2,6.833,0.742,0.28,0,1
393.0,45.11,21.1,132.4,210.9,61.3,-36.6,6.761,0.753,0.48,0,1
393.5,44.9,23.7,132.2,213.2,60.4,-36.4,6.687,0.765,1.0,0,1
394.0,44.69,26.6,132.0,215.9,59.7,-35.9,6.611,0.777,1.44,0,1
394.5,44.48,30.0,131.9,219.1,59.1,-35.2,6.535,0.789,1.9,0,1
395.0,44.27,34.0,131.7,222.8,58.6,-34.2,6.458,0.8,2.38,0,1
395.5,44.06,38.0,131.5,226.5,58.2,-33.1,6.382,0.811,2.74,0,1
396.0,43.86,41.8,131.3,230.0,57.9,-32.1,6.305,0.821,2.95,0,1
396.5,43.65,45.4,131.1,233.4,57.8,-31.2,6.23,0.83,3.07,0,1
397.0,43.45,49.3,130.9,236.9,57.6,-30.1,6.155,0.839,3.25,0,1
397.5,43.26,53.1,130.6,240.5,57.5,-29.0,6.082,0.848,3.39,0,1
398.0,43.07,57.2,130.4,244.2,57.4,-27.8,6.01,0.856,3.56,0,1
398.5,42.88,61.2,130.2,248.0,57.3,-26.5,5.939,0.864,3.71,0,1
399.0,42.7,65.3,130.0,251.7,57.2,-25.2,5.871,0.871,3.85,0,1
399.5,42.53,69.5,129.7,255.6,57.2,-23.8,5.805,0.878,3.98,0,1
400.0,42.37,73.7,129.5,259.4,57.2,-22.4,5.741,0.884,4.09,0,1
400.5,42.21,77.9,129.2,263.2,57.2,-21.1,5.68,0.889,4.17,0,1
401.0,42.06,82.0,129.0,266.9,57.3,-19.7,5.621,0.894,4.2,0,1
401.5,41.93,86.0,128.7,270.5,57.4,-18.4,5.566,0.899,4.19,0,1
402.0,41.8,89.9,128.5,274.0,57.5,-17.1,5.513,0.904,4.16,0,1
402.5,41.68,93.7,128.2,277.5,57.6,-15.8,5.463,0.908,4.13,0,1
403.0,41.57,97.6,127.9,280.9,57.6,-14.6,5.417,0.911,4.12,0,1
403.5,41.47,101.4,127.7,284.4,57.7,-13.2,5.373,0.915,4.15,0,1
404.0,41.38,105.4,127.5,288.0,57.8,-11.8,5.333,0.917,4.23,0,1
404.5,41.3,109.6,127.2,291.7,57.8,-10.4,5.295,0.92,4.34,0,1
405.0,41.24,113.8,127.0,295.5,57.9,-8.8,5.262,0.921,4.46,0,1
405.5,41.18,118.2,126.8,299.5,57.9,-7.1,5.232,0.922,4.61,0,1
406.0,41.13,123.1,126.6,304.0,57.9,-5.1,5.207,0.922,4.95,0,1
406.5,41.09,128.7,126.4,309.2,57.9,-2.7,5.186,0.92,5.52,0,1
407.0,41.07,129.4,126.2,309.5,28.8,-3.3,5.171,0.917,2.53,0,1
407.5,41.05,129.8,126.0,309.6,1.6,-2.7,5.161,0.918,1.94,0,1
408.0,41.03,130.4,125.9,309.8,13.8,-1.8,5.152,0.924,1.63,0,1
408.5,41.01,131.2,125.7,310.2,27.3,-1.3,5.145,0.928,1.82,0,1
409.0,40.99,132.2,125.6,310.8,36.8,-0.8,5.139,0.931,1.91,0,1
409.5,40.98,133.6,125.4,311.8,43.5,-0.2,5.134,0.934,2.0,0,1
410.0,40.97,135.2,125.3,313.0,48.2,0.3,5.13,0.936,2.1,0,1
410.5,40.97,137.0,125.1,314.5,51.6,0.9,5.127,0.938,2.22,0,1
411.0,40.97,139.1,125.0,316.2,54.0,1.5,5.126,0.94,2.33,0,1
411.5,40.97,141.1,124.9,317.9,55.7,2.0,5.126,0.941,2.34,0,1
412.0,40.98,143.0,124.8,319.4,56.8,2.3,5.127,0.942,2.25,0,1
412.5,40.99,144.8,124.7,320.9,57.7,2.6,5.129,0.943,2.13,0,1
413.0,41.0,146.5,124.6,322.2,58.3,2.7,5.131,0.944,1.99,0,1
413.5,41.02,148.0,124.6,323.4,58.7,2.8,5.134,0.945,1.84,0,1
414.0,41.04,149.4,124.5,324.4,59.1,2.7,5.138,0.947,1.66,0,1
414.5,41.06,150.6,124.4,325.3,59.3,2.5,5.141,0.948,1.46,0,1
415.0,41.08,151.6,124.4,326.0,59.5,2.2,5.144,0.95,1.28,0,1
415.5,41.1,152.5,124.3,326.6,59.7,1.9,5.147,0.951,1.14,0,1
416.0,41.13,153.4,124.3,327.2,59.8,1.5,5.148,0.952,1.04,0,1
416.5,41.16,154.3,124.3,327.7,59.9,1.2,5.149,0.953,0.98,0,1
417.0,41.19,155.1,124.2,328.3,59.9,0.8,5.149,0.955,0.94,0,1
417.5,41.22,156.0,124.2,328.8,60.0,0.4,5.148,0.956,0.93,0,1
418.0,41.25,156.9,124.2,329.4,60.0,0.1,5.146,0.957,0.97,0,1
418.5,41.28,157.9,124.1,330.1,60.0,-0.2,5.144,0.959,1.02,0,1
419.0,41.32,158.9,124.1,330.9,60.0,-0.5,5.14,0.96,1.11,0,1
419.5,41.35,160.1,124.1,331.7,60.0,-0.7,5.135,0.962,1.21,0,1
420.0,41.39,161.4,124.1,332.7,59.9,-0.8,5.13,0.964,1.32,0,1
420.5,41.43,162.7,124.1,333.7,59.9,-0.9,5.125,0.966,1.38,0,1
421.0,41.46,163.6,124.1,334.3,59.1,-1.2,5.119,0.968,1.13,0,1
421.5,41.5,164.1,124.1,334.6,57.5,-1.7,5.112,0.97,0.81,0,1
422.0,41.55,164.5,124.1,334.7,55.7,-2.4,5.105,0.971,0.59,0,1
422.5,41.59,164.9,124.1,334.8,53.7,-3.0,5.096,0.972,0.5,0,1
423.0,41.63,165.4,124.1,335.0,51.5,-3.6,5.086,0.974,0.49,0,1
423.5,41.67,165.9,124.1,335.3,49.3,-4.1,5.074,0.975,0.54,0,1
424.0,41.72,166.5,124.1,335.6,46.9,-4.5,5.062,0.977,0.64,0,1
424.5,41.76,167.2,124.2,336.1,44.3,-4.9,5.048,0.979,0.76,0,1
425.0,41.8,167.9,124.2,336.5,41.6,-5.2,5.033,0.982,0.87,0,1
425.5,41.85,168.7,124.2,337.0,39.0,-5.3,5.018,0.984,0.97,0,1
426.0,41.89,169.5,124.2,337.6,36.4,-5.5,5.002,0.987,1.06,0,1
426.5,41.94,170.2,124.2,338.1,33.7,-5.5,4.986,0.99,1.12,0,1
427.0,41.99,170.7,124.3,338.3,25.4,-5.9,4.97,0.99,1.64,0,1
427.5,42.03,171.4,124.3,338.8,22.5,-5.9,4.955,0.991,0.85,0,1
428.0,42.08,172.1,124.3,339.1,20.4,-5.8,4.939,0.994,1.08,0,1
428.5,42.13,172.7,124.4,339.5,18.2,-5.7,4.923,0.997,1.19,0,1
429.0,42.18,173.2,124.4,339.8,16.1,-5.6,4.908,1.0,1.23,0,1
429.5,42.23,173.7,124.4,340.1,14.3,-5.5,4.892,1.003,1.24,0,1
430.0,42.28,174.2,124.5,340.3,12.8,-5.3,4.877,1.005,1.23,0,1
430.5,42.33,174.7,124.5,340.6,11.8,-5.1,4.863,1.008,1.23,0,1
431.0,42.38,175.2,124.5,340.8,11.4,-4.8,4.849,1.011,1.27,0,1
431.5,42.43,175.6,124.6,341.0,11.7,-4.4,4.836,1.014,1.32,0,1
432.0,42.48,176.1,124.6,341.2,12.2,-4.1,4.823,1.016,1.34,0,1
432.5,42.53,176.5,124.6,341.5,13.0,-3.7,4.812,1.019,1.38,0,1
433.0,42.58,177.0,124.7,341.7,13.7,-3.3,4.802,1.021,1.41,0,1
433.5,42.64,177.5,124.7,342.0,14.1,-2.9,4.793,1.023,1.44,0,1
434.0,42.69,178.0,124.8,342.2,14.2,-2.5,4.785,1.025,1.44,0,1
434.5,42.74,178.4,124.8,342.5,13.8,-2.1,4.778,1.027,1.39,0,1
435.0,42.79,178.9,124.8,342.7,12.9,-1.8,4.772,1.028,1.33,0,1
435.5,42.85,179.3,124.9,342.9,11.7,-1.5,4.767,1.03,1.28,0,1
436.0,42.9,179.7,124.9,343.1,10.1,-1.2,4.764,1.031,1.24,0,1
436.5,42.95,179.9,124.9,343.2,8.2,-1.0,4.761,1.033,1.21,0,1
437.0,43.0,179.6,125.0,343.4,6.2,-0.7,4.759,1.034,1.18,0,1
437.5,43.06,179.2,125.0,343.5,4.1,-0.6,4.757,1.035,1.14,0,1
438.0,43.11,179.0,125.0,343.6,2.0,-0.4,4.757,1.036,1.09,0,1
438.5,43.16,178.7,125.1,343.6,-0.0,-0.2,4.757,1.037,1.05,0,1
439.0,43.22,178.5,125.1,343.6,-2.0,-0.1,4.757,1.039,1.02,0,1
439.5,43.27,178.2,125.1,343.7,-3.9,0.0,4.758,1.04,1.0,0,1
440.0,43.32,178.1,125.2,343.6,-5.6,0.1,4.759,1.041,0.99,0,1
440.5,43.37,177.9,125.2,343.6,-7.2,0.2,4.76,1.042,0.96,0,1
441.0,43.43,177.7,125.3,343.5,-8.7,0.3,4.762,1.043,0.94,0,1
441.5,43.48,177.6,125.3,343.5,-10.0,0.3,4.763,1.044,0.93,0,1
442.0,43.53,177.5,125.3,343.4,-11.3,0.4,4.765,1.045,0.93,0,1
442.5,43.59,177.4,125.4,343.3,-12.3,0.4,4.767,1.046,0.93,0,1
443.0,43.64,177.3,125.4,343.2,-13.3,0.4,4.769,1.047,0.94,0,1
443.5,43.69,177.2,125.4,343.1,-14.1,0.5,4.771,1.048,0.94,0,1
444.0,43.74,177.1,125.5,342.9,-14.9,0.5,4.773,1.049,0.94,0,1
444.5,43.8,177.1,125.5,342.8,-15.6,0.5,4.775,1.05,0.94,0,1
445.0,43.85,177.0,125.5,342.6,-16.2,0.5,4.777,1.051,0.93,0,1
445.5,43.9,177.0,125.5,342.5,-16.8,0.5,4.779,1.052,0.93,0,1
446.0,43.96,176.9,125.6,342.3,-17.3,0.5,4.781,1.053,0.94,0,1
446.5,44.01,176.9,125.6,342.1,-17.7,0.5,4.783,1.054,0.95,0,1
447.0,44.06,176.9,125.6,342.0,-18.2,0.5,4.785,1.055,0.95,0,1
447.5,44.12,176.9,125.7,341.8,-18.6,0.5,4.787,1.056,0.96,0,1
448.0,44.17,176.9,125.7,341.6,-18.9,0.5,4.789,1.057,0.96,0,1
448.5,44.22,176.8,125.7,341.4,-19.2,0.5,4.791,1.058,0.96,0,1
449.0,44.28,176.8,125.7,341.2,-19.5,0.5,4.792,1.059,0.97,0,1
449.5,44.33,176.8,125.8,341.0,-19.8,0.4,4.794,1.06,0.97,0,1
450.0,44.38,176.8,125.8,340.9,-20.0,0.4,4.796,1.061,0.97,0,1
450.5,44.44,176.8,125.8,340.7,-20.2,0.4,4.797,1.062,0.97,0,1
451.0,44.49,176.8,125.9,340.5,-20.3,0.4,4.799,1.063,0.98,0,1
451.5,44.55,176.8,125.9,340.3,-20.5,0.4,4.8,1.064,0.98,0,1
452.0,44.6,176.8,125.9,340.0,-20.6,0.4,4.802,1.065,0.98,0,1
452.5,44.65,176.8,125.9,339.8,-20.7,0.4,4.803,1.065,0.98,0,1
453.0,44.71,176.9,125.9,339.6,-20.8,0.4,4.805,1.066,0.98,0,1
453.5,44.76,176.9,126.0,339.4,-20.8,0.4,4.806,1.067,0.98,0,1
454.0,44.82,176.9,126.0,339.2,-20.9,0.3,4.808,1.068,0.98,0,1
454.5,44.87,176.9,126.0,339.0,-20.9,0.3,4.809,1.068,0.99,0,1
455.0,44.92,176.9,126.0,338.8,-20.9,0.3,4.81,1.069,0.99,0,1
455.5,44.98,176.9,126.1,338.6,-20.8,0.3,4.811,1.07,0.99,0,1
456.0,45.03,176.9,126.1,338.4,-20.8,0.3,4.813,1.071,1.0,0,1
456.5,45.09,176.9,126.1,338.2,-20.8,0.3,4.814,1.071,1.0,0,1
457.0,45.14,177.0,126.1,338.0,-20.7,0.3,4.815,1.072,1.0,0,1
457.5,45.2,177.0,126.1,337.8,-20.6,0.3,4.816,1.072,1.01,0,1
458.0,45.25,177.0,126.2,337.6,-20.5,0.3,4.817,1.073,1.01,0,1
458.5,45.3,177.0,126.2,337.4,-20.4,0.3,4.818,1.074,1.01,0,1
459.0,45.36,177.0,126.2,337.2,-20.3,0.3,4.82,1.074,1.01,0,1
459.5,45.41,177.0,126.2,337.0,-20.2,0.3,4.821,1.075,1.01,0,1
460.0,45.47,177.0,126.2,336.8,-20.0,0.3,4.822,1.075,1.02,0,1
460.5,45.52,177.0,126.2,336.6,-19.9,0.2,4.823,1.076,1.02,0,1
461.0,45.58,177.0,126.3,336.4,-19.8,0.2,4.824,1.076,1.02,0,1
461.5,45.63,177.0,126.3,336.2,-19.6,0.2,4.825,1.077,1.02,0,1
462.0,45.69,177.0,126.3,336.0,-19.5,0.2,4.826,1.077,1.02,0,1
462.5,45.74,177.0,126.3,335.8,-19.3,0.2,4.827,1.078,1.02,0,1
463.0,45.8,177.1,126.3,335.6,-19.2,0.3,4.829,1.078,1.02,0,1
463.5,45.85,177.1,126.3,335.4,-19.0,0.3,4.83,1.079,1.02,0,1
464.0,45.9,177.1,126.4,335.2,-18.9,0.3,4.831,1.079,1.02,0,1
464.5,45.96,177.1,126.4,335.0,-18.7,0.3,4.832,1.079,1.02,0,1
465.0,46.01,177.1,126.4,334.8,-18.6,0.3,4.833,1.08,1.02,0,1
465.5,46.07,177.0,126.4,334.6,-18.4,0.3,4.835,1.08,1.02,0,1
466.0,46.12,177.0,126.4,334.4,-18.2,0.3,4.836,1.08,1.02,0,1
466.5,46.18,177.0,126.4,334.2,-18.1,0.3,4.837,1.081,1.02,0,1
467.0,46.23,177.0,126.5,334.1,-17.9,0.3,4.839,1.081,1.02,0,1
467.5,46.29,177.0,126.5,333.9,-17.8,0.3,4.84,1.081,1.02,0,1
468.0,46.34,177.0,126.5,333.7,-17.6,0.3,4.842,1.082,1.02,0,1
468.5,46.39,177.0,126.5,333.5,-17.5,0.3,4.843,1.082,1.02,0,1
469.0,46.45,177.0,126.5,333.3,-17.3,0.3,4.845,1.082,1.02,0,1
469.5,46.5,177.0,126.5,333.2,-17.2,0.3,4.846,1.082,1.02,0,1
470.0,46.56,177.0,126.5,333.0,-17.0,0.3,4.848,1.083,1.02,0,1
470.5,46.61,176.9,126.6,332.8,-16.9,0.4,4.85,1.083,1.02,0,1
471.0,46.67,176.9,126.6,332.7,-16.7,0.4,4.851,1.083,1.02,0,1
471.5,46.72,176.9,126.6,332.5,-16.6,0.4,4.853,1.083,1.02,0,1
472.0,46.77,176.9,126.6,332.3,-16.4,0.4,4.855,1.083,1.02,0,1
472.5,46.83,176.9,126.6,332.2,-16.3,0.4,4.857,1.083,1.02,0,1
473.0,46.88,176.8,126.6,332.0,-16.2,0.4,4.859,1.084,1.02,0,1
473.5,46.94,176.8,126.6,331.8,-16.0,0.4,4.861,1.084,1.02,0,1
474.0,46.99,176.8,126.6,331.7,-15.9,0.4,4.862,1.084,1.01,0,1
474.5,47.04,176.8,126.7,331.5,-15.8,0.4,4.864,1.084,1.01,0,1
475.0,47.1,176.7,126.7,331.4,-15.6,0.4,4.866,1.084,1.01,0,1
475.5,47.15,176.7,126.7,331.2,-15.5,0.4,4.869,1.084,1.01,0,1
476.0,47.21,176.7,126.7,331.1,-15.4,0.4,4.871,1.084,1.01,0,1
476.5,47.26,176.6,126.7,330.9,-15.2,0.4,4.873,1.084,1.01,0,1
477.0,47.31,176.6,126.7,330.8,-15.1,0.5,4.875,1.084,1.01,0,1
477.5,47.37,176.6,126.7,330.6,-15.0,0.5,4.877,1.085,1.01,0,1
478.0,47.42,176.5,126.8,330.5,-14.9,0.5,4.879,1.085,1.01,0,1
478.5,47.47,176.5,126.8,330.3,-14.8,0.5,4.881,1.085,1.0,0,1
479.0,47.53,176.4,126.8,330.2,-14.6,0.5,4.884,1.085,1.0,0,1
479.5,47.58,176.4,126.8,330.0,-14.5,0.5,4.886,1.085,1.0,0,1
480.0,47.63,176.4,126.8,329.9,-14.4,0.5,4.888,1.085,1.0,0,1
480.5,47.69,176.3,126.8,329.7,-14.3,0.5,4.89,1.085,1.0,0,1
481.0,47.74,176.3,126.8,329.6,-14.2,0.5,4.893,1.085,1.0,0,1
481.5,47.79,176.2,126.8,329.5,-14.1,0.5,4.895,1.085,1.0,0,1
482.0,47.85,176.2,126.9,329.3,-14.0,0.5,4.897,1.085,1.0,0,1
482.5,47.9,176.2,126.9,329.2,-13.9,0.5,4.899,1.085,1.0,0,1
483.0,47.95,176.1,126.9,329.1,-13.8,0.5,4.902,1.085,1.0,0,1
483.5,48.0,176.1,126.9,328.9,-13.6,0.5,4.904,1.085,0.99,0,1
484.0,48.06,176.0,126.9,328.8,-13.5,0.4,4.906,1.085,0.99,0,1
484.5,48.11,176.0,126.9,328.7,-13.4,0.4,4.908,1.085,0.99,0,1
485.0,48.16,175.9,126.9,328.5,-13.3,0.4,4.911,1.085,0.99,0,1
485.5,48.22,175.9,127.0,328.4,-13.2,0.4,4.913,1.085,0.99,0,1
486.0,48.27,175.8,127.0,328.3,-13.1,0.4,4.915,1.085,0.99,0,1
486.5,48.32,175.8,127.0,328.2,-13.0,0.4,4.917,1.085,0.99,0,1
487.0,48.37,175.7,127.0,328.0,-12.9,0.4,4.92,1.085,0.99,0,1
487.5,48.42,175.7,127.0,327.9,-12.9,0.4,4.922,1.085,0.99,0,1
488.0,48.48,175.6,127.0,327.8,-12.8,0.4,4.924,1.085,0.99,0,1
488.5,48.53,175.5,127.0,327.7,-12.7,0.4,4.926,1.085,0.99,0,1
489.0,48.58,175.5,127.0,327.5,-12.6,0.4,4.928,1.085,0.99,0,1
489.5,48.63,175.4,127.1,327.4,-12.5,0.3,4.93,1.085,0.99,0,1
490.0,48.69,175.4,127.1,327.3,-12.4,0.3,4.932,1.085,0.99,0,1
490.5,48.74,175.3,127.1,327.2,-12.3,0.3,4.934,1.085,0.99,0,1
491.0,48.79,175.3,127.1,327.1,-12.2,0.3,4.936,1.085,0.99,0,1
491.5,48.84,175.2,127.1,327.0,-12.2,0.3,4.938,1.085,0.99,0,1
492.0,48.89,175.2,127.1,326.8,-12.1,0.3,4.94,1.085,0.99,0,1
492.5,48.94,175.1,127.1,326.7,-12.0,0.3,4.942,1.085,0.99,0,1
493.0,49.0,175.0,127.2,326.6,-11.9,0.3,4.943,1.085,0.99,0,1
493.5,49.05,175.0,127.2,326.5,-11.9,0.3,4.945,1.085,0.99,0,1
494.0,49.1,174.9,127.2,326.4,-11.8,0.2,4.947,1.085,0.99,0,1
494.5,49.15,174.9,127.2,326.3,-11.7,0.2,4.949,1.085,0.99,0,1
495.0,49.2,174.8,127.2,326.2,-11.6,0.2,4.95,1.085,0.99,0,1
495.5,49.25,174.7,127.2,326.1,-11.6,0.2,4.952,1.085,0.99,0,1
496.0,49.3,174.7,127.2,326.0,-11.5,0.2,4.954,1.086,0.99,0,1
496.5,49.36,174.6,127.3,325.8,-11.5,0.2,4.955,1.086,0.99,0,1
497.0,49.41,174.6,127.3,325.7,-11.4,0.2,4.957,1.086,0.99,0,1
497.5,49.46,174.5,127.3,325.6,-11.3,0.2,4.958,1.086,0.99,0,1
498.0,49.51,174.4,127.3,325.5,-11.3,0.1,4.96,1.086,0.99,0,1
498.5,49.56,174.4,127.3,325.4,-11.2,0.1,4.961,1.086,0.99,0,1
499.0,49.61,174.3,127.3,325.3,-11.2,0.1,4.963,1.086,0.99,0,1
499.5,49.66,174.3,127.3,325.2,-11.1,0.1,4.964,1.086,0.99,0,1
500.0,49.71,174.2,127.3,325.1,-11.1,0.1,4.966,1.086,0.99,0,0
500.5,49.76,174.2,127.8,324.9,8.8,9.5,4.97,1.081,7.52,0,0
501.0,49.81,171.7,128.4,327.2,24.5,15.2,4.989,1.069,7.79,0,0
501.5,49.84,167.6,129.4,331.2,35.9,19.8,5.023,1.056,7.67,0,0
502.0,49.87,162.6,130.5,336.0,43.9,23.8,5.069,1.042,7.49,0,0
502.5,49.89,157.2,131.6,341.4,49.5,27.1,5.125,1.027,7.27,0,0
503.0,49.89,151.4,132.7,347.0,53.3,30.0,5.19,1.012,7.02,0,0
503.5,49.88,145.6,133.6,352.7,55.9,32.7,5.262,0.997,6.77,0,0
504.0,49.85,139.4,134.5,358.9,57.7,35.3,5.34,0.983,6.67,0,0
504.5,49.81,132.8,135.3,5.4,58.9,38.0,5.423,0.968,6.61,0,0
505.0,49.75,126.0,136.0,12.2,59.7,40.7,5.511,0.952,6.54,0,0
505.5,49.68,118.7,136.6,19.4,60.3,43.5,5.603,0.937,6.48,0,0
506.0,49.59,111.0,137.1,27.0,60.9,46.4,5.699,0.921,6.42,0,0
506.5,49.48,102.8,137.6,35.2,61.3,49.4,5.799,0.904,6.37,0,0
507.0,49.36,96.3,138.1,41.6,60.8,51.7,5.902,0.889,5.1,0,0
507.5,49.22,96.0,138.6,41.9,58.8,51.8,6.007,0.878,3.01,0,0
508.0,49.08,96.1,139.1,41.7,57.8,51.6,6.113,0.869,1.88,0,0
508.5,48.93,95.5,139.6,42.3,57.7,51.6,6.218,0.862,1.41,0,0
509.0,48.78,94.3,140.1,43.4,57.9,51.7,6.323,0.854,1.25,0,0
509.5,48.63,92.9,140.6,44.8,58.3,51.9,6.427,0.846,1.21,0,1
510.0,48.47,99.1,137.3,38.6,28.6,47.8,6.529,0.834,-0.84,0,1
510.5,48.31,100.6,138.8,37.0,5.2,41.8,6.628,0.817,-1.82,0,1
511.0,48.16,99.3,139.0,38.3,-7.7,36.2,6.721,0.795,-2.32,0,1
511.5,48.01,96.9,139.3,40.6,-15.7,31.0,6.806,0.771,-2.69,0,1
512.0,47.86,94.2,139.4,43.3,-21.8,26.6,6.883,0.749,-2.67,0,1
512.5,47.71,91.2,139.4,46.2,-27.0,22.6,6.951,0.729,-2.71,0,1
513.0,47.55,88.1,139.3,49.3,-31.7,18.9,7.01,0.712,-2.76,0,1
513.5,47.4,84.8,139.2,52.5,-35.8,15.5,7.062,0.698,-2.81,0,1
514.0,47.24,81.5,139.0,55.8,-39.5,12.2,7.105,0.685,-2.84,0,1
514.5,47.08,78.1,138.9,59.2,-42.8,9.1,7.14,0.675,-2.84,0,1
515.0,46.92,74.6,138.7,62.7,-45.6,5.9,7.168,0.666,-2.82,0,1
515.5,46.75,71.1,138.6,66.1,-48.2,2.9,7.188,0.66,-2.81,0,1
516.0,46.58,67.5,138.4,69.6,-50.4,-0.2,7.201,0.655,-2.81,0,1
516.5,46.4,64.0,138.2,73.1,-52.3,-3.2,7.208,0.651,-2.81,0,1
517.0,46.22,60.4,138.1,76.7,-53.9,-6.3,7.208,0.65,-2.83,0,1
517.5,46.03,56.8,137.9,80.3,-55.4,-9.4,7.201,0.649,-2.84,0,1
518.0,45.84,53.1,137.8,83.9,-56.6,-12.5,7.188,0.65,-2.87,0,1
518.5,45.64,49.3,137.7,87.6,-57.7,-15.6,7.169,0.651,-2.9,0,1
519.0,45.44,45.4,137.5,91.5,-58.6,-18.8,7.144,0.654,-2.94,0,1
519.5,45.24,41.3,137.4,95.5,-59.5,-21.9,7.113,0.658,-2.99,0,1
520.0,45.03,37.1,137.2,99.6,-60.4,-25.0,7.076,0.662,-3.05,0,1
520.5,44.82,32.7,137.0,103.9,-61.2,-28.2,7.033,0.668,-3.12,0,1
521.0,44.61,28.0,136.9,108.5,-62.0,-31.2,6.984,0.675,-3.21,0,1
521.5,44.39,23.1,136.7,113.3,-62.8,-34.3,6.93,0.682,-3.25,0,1
522.0,44.18,21.7,136.5,114.6,-62.4,-35.8,6.87,0.691,-1.98,0,1
522.5,43.96,22.3,136.4,113.9,-61.3,-36.4,6.805,0.704,-0.95,0,1
523.0,43.74,22.9,136.2,113.1,-60.4,-37.0,6.736,0.718,-0.39,0,1
523.5,43.52,23.8,136.0,112.2,-59.6,-37.4,6.665,0.733,0.04,0,1
524.0,43.31,24.8,135.9,111.0,-59.1,-37.7,6.591,0.748,0.37,0,1
524.5,43.09,25.9,135.7,109.7,-58.8,-37.9,6.515,0.763,0.61,0,1
525.0,42.87,28.1,135.5,107.5,-58.3,-37.6,6.436,0.778,1.17,0,1
525.5,42.65,31.5,135.4,103.8,-57.8,-36.6,6.357,0.792,1.87,0,1
526.0,42.43,35.1,135.2,100.2,-57.4,-35.5,6.276,0.805,2.4,0,1
526.5,42.21,38.7,135.1,96.4,-57.2,-34.4,6.195,0.818,2.84,0,1
527.0,42.0,42.5,135.0,92.6,-56.9,-33.2,6.115,0.829,3.16,0,1
527.5,41.78,46.0,134.9,88.9,-56.8,-32.1,6.035,0.84,3.34,0,1
528.0,41.57,49.8,134.8,85.1,-56.7,-30.9,5.956,0.85,3.56,0,1
528.5,41.36,53.8,134.7,81.0,-56.6,-29.5,5.879,0.859,3.8,0,1
529.0,41.16,57.7,134.6,77.0,-56.6,-28.1,5.804,0.867,3.96,0,1
529.5,40.96,61.7,134.5,72.9,-56.6,-26.6,5.73,0.875,4.14,0,1
530.0,40.76,65.6,134.5,69.0,-56.6,-25.2,5.66,0.882,4.21,0,1
530.5,40.57,69.5,134.4,65.0,-56.7,-23.7,5.591,0.889,4.28,0,1
531.0,40.39,73.4,134.4,61.1,-56.7,-22.3,5.526,0.895,4.33,0,1
531.5,40.22,77.1,134.4,57.3,-56.8,-20.9,5.463,0.901,4.35,0,1
532.0,40.05,80.8,134.3,53.7,-56.9,-19.5,5.403,0.906,4.33,0,1
532.5,39.89,84.3,134.3,50.2,-57.0,-18.2,5.347,0.912,4.27,0,1
533.0,39.74,87.6,134.3,46.8,-57.2,-17.0,5.293,0.917,4.17,0,1
533.5,39.6,90.8,134.3,43.6,-57.3,-15.9,5.242,0.923,4.06,0,1
534.0,39.46,93.8,134.3,40.6,-57.4,-14.8,5.194,0.928,3.92,0,1
534.5,39.33,96.6,134.3,37.8,-57.5,-13.9,5.148,0.933,3.75,0,1
535.0,39.21,99.1,134.3,35.3,-57.7,-13.1,5.105,0.938,3.56,0,1
535.5,39.1,101.5,134.4,32.9,-57.8,-12.4,5.064,0.943,3.37,0,1
536.0,38.99,103.7,134.4,30.7,-57.9,-11.8,5.025,0.947,3.16,0,1
536.5,38.89,105.7,134.4,28.7,-58.1,-11.3,4.988,0.952,2.98,0,1
537.0,38.8,107.7,134.4,26.8,-58.2,-10.8,4.952,0.957,2.85,0,1
537.5,38.71,109.6,134.4,24.9,-58.3,-10.3,4.917,0.962,2.77,0,1
538.0,38.62,111.4,134.4,23.0,-58.3,-9.9,4.884,0.967,2.72,0,1
538.5,38.54,113.4,134.4,21.1,-58.4,-9.4,4.852,0.971,2.71,0,1
539.0,38.47,115.3,134.4,19.1,-58.4,-8.9,4.821,0.975,2.72,0,1
539.5,38.4,117.2,134.4,17.2,-58.4,-8.4,4.791,0.979,2.75,0,1
540.0,38.33,119.3,134.4,15.2,-58.4,-7.9,4.763,0.983,2.8,0,1
540.5,38.27,121.3,134.4,13.1,-58.4,-7.3,4.736,0.986,2.85,0,1
541.0,38.22,123.4,134.4,11.0,-58.4,-6.7,4.711,0.989,2.88,0,1
541.5,38.17,125.5,134.4,8.9,-58.4,-6.1,4.687,0.992,2.91,0,1
542.0,38.12,127.6,134.4,6.8,-58.4,-5.4,4.665,0.994,2.94,0,1
542.5,38.08,129.7,134.3,4.6,-58.4,-4.8,4.644,0.996,2.96,0,1
543.0,38.05,131.9,134.3,2.4,-58.4,-4.1,4.626,0.998,2.97,0,1
543.5,38.02,134.0,134.3,0.3,-58.4,-3.4,4.609,1.0,2.96,0,1
544.0,37.99,136.1,134.3,358.2,-58.4,-2.8,4.594,1.002,2.95,0,1
544.5,37.97,138.2,134.2,356.0,-58.4,-2.1,4.581,1.003,2.93,0,1
545.0,37.95,140.2,134.2,353.9,-58.5,-1.5,4.57,1.004,2.91,0,1
545.5,37.94,142.3,134.1,351.8,-58.5,-0.8,4.561,1.005,2.89,0,1
546.0,37.93,144.3,134.1,349.7,-58.5,-0.2,4.554,1.006,2.87,0,1
546.5,37.92,146.4,134.0,347.6,-58.5,0.5,4.548,1.007,2.85,0,1
547.0,37.92,148.3,133.9,345.5,-58.1,1.1,4.545,1.007,2.78,0,1
547.5,37.92,149.3,133.9,344.4,-55.7,1.1,4.543,1.008,1.99,0,1
548.0,37.92,149.9,133.8,343.8,-52.7,1.0,4.542,1.01,1.44,0,1
548.5,37.93,150.4,133.7,343.1,-49.6,0.9,4.542,1.013,1.2,0,1
549.0,37.93,151.0,133.6,342.5,-46.6,0.8,4.541,1.015,1.15,0,1
549.5,37.94,151.5,133.5,341.8,-43.9,0.9,4.541,1.018,1.18,0,1
550.0,37.95,152.1,133.5,341.1,-41.6,1.0,4.541,1.02,1.24,0,1
550.5,37.96,152.7,133.4,340.4,-39.7,1.1,4.542,1.022,1.29,0,1
551.0,37.97,153.3,133.3,339.7,-38.1,1.3,4.543,1.024,1.32,0,1
551.5,37.98,153.8,133.2,339.1,-36.7,1.5,4.545,1.026,1.32,0,1
552.0,37.99,154.3,133.1,338.5,-35.7,1.7,4.547,1.028,1.32,0,1
552.5,38.0,154.8,133.0,337.9,-35.0,1.9,4.551,1.029,1.31,0,1
553.0,38.02,155.3,133.0,337.3,-34.6,2.1,4.555,1.031,1.31,0,1
553.5,38.03,155.7,132.9,336.7,-34.4,2.3,4.559,1.032,1.32,0,1
554.0,38.05,156.2,132.8,336.1,-34.4,2.6,4.565,1.033,1.32,0,1
554.5,38.07,156.7,132.7,335.5,-34.6,2.9,4.571,1.035,1.34,0,1
555.0,38.08,157.2,132.6,334.9,-35.0,3.1,4.578,1.036,1.35,0,1
555.5,38.1,157.7,132.5,334.2,-35.5,3.4,4.586,1.037,1.36,0,1
556.0,38.12,158.2,132.4,333.6,-36.0,3.8,4.595,1.037,1.36,0,1
556.5,38.14,158.7,132.4,333.0,-36.6,4.0,4.604,1.038,1.36,0,1
557.0,38.16,159.2,132.3,332.3,-37.1,4.3,4.615,1.039,1.34,0,1
557.5,38.18,159.7,132.2,331.7,-37.6,4.6,4.626,1.039,1.31,0,1
558.0,38.2,160.2,132.1,331.1,-38.0,4.8,4.638,1.04,1.27,0,1
558.5,38.22,160.6,132.0,330.5,-38.3,4.9,4.65,1.041,1.23,0,1
559.0,38.24,161.0,131.9,329.9,-38.5,5.1,4.663,1.041,1.17,0,1
559.5,38.27,161.4,131.8,329.4,-38.7,5.1,4.677,1.042,1.12,0,1
560.0,38.29,161.7,131.8,328.9,-38.8,5.2,4.69,1.043,1.07,0,1
560.5,38.31,162.1,131.7,328.4,-38.9,5.2,4.704,1.043,1.02,0,1
561.0,38.34,162.4,131.6,327.9,-39.0,5.2,4.718,1.044,0.98,0,1
561.5,38.36,162.7,131.5,327.5,-39.0,5.1,4.732,1.044,0.94,0,1
562.0,38.39,162.9,131.4,327.1,-38.9,5.1,4.745,1.045,0.91,0,1
562.5,38.42,163.2,131.3,326.7,-38.8,5.0,4.759,1.046,0.89,0,1
563.0,38.44,163.4,131.3,326.3,-38.7,4.9,4.772,1.046,0.86,0,1
563.5,38.47,163.6,131.2,325.9,-38.5,4.7,4.785,1.047,0.83,0,1
564.0,38.5,163.8,131.1,325.6,-38.3,4.6,4.798,1.047,0.81,0,1
564.5,38.53,163.9,131.0,325.3,-38.1,4.4,4.81,1.048,0.79,0,1
565.0,38.55,164.1,130.9,325.0,-37.8,4.2,4.822,1.049,0.78,0,1
565.5,38.58,164.2,130.9,324.6,-37.6,4.0,4.833,1.049,0.78,0,1
566.0,38.61,164.4,130.8,324.3,-37.3,3.9,4.844,1.05,0.79,0,1
566.5,38.64,164.5,130.7,324.0,-37.0,3.7,4.855,1.051,0.79,0,1
567.0,38.67,164.7,130.6,323.7,-36.8,3.5,4.864,1.051,0.79,0,1
567.5,38.7,164.8,130.6,323.4,-36.6,3.3,4.874,1.052,0.79,0,1
568.0,38.74,165.0,130.5,323.1,-36.4,3.2,4.883,1.053,0.8,0,1
568.5,38.77,165.1,130.4,322.8,-36.2,3.0,4.891,1.054,0.81,0,1
569.0,38.8,165.3,130.3,322.4,-36.0,2.9,4.899,1.054,0.82,0,1
569.5,38.83,165.4,130.3,322.1,-35.8,2.7,4.906,1.055,0.83,0,1
570.0,38.87,165.6,130.2,321.8,-35.6,2.6,4.913,1.056,0.84,0,1
570.5,38.9,165.7,130.1,321.5,-35.3,2.4,4.92,1.057,0.85,0,1
571.0,38.93,165.9,130.1,321.2,-35.0,2.3,4.926,1.058,0.86,0,1
571.5,38.97,166.0,130.0,320.8,-34.8,2.2,4.932,1.059,0.87,0,1
572.0,39.0,166.2,130.0,320.5,-34.5,2.1,4.938,1.059,0.88,0,1
572.5,39.04,166.3,129.9,320.2,-34.2,2.0,4.943,1.06,0.89,0,1
573.0,39.07,166.5,129.8,319.8,-33.9,1.9,4.948,1.061,0.9,0,1
573.5,39.11,166.6,129.8,319.5,-33.6,1.8,4.953,1.062,0.91,0,1
574.0,39.15,166.8,129.7,319.2,-33.3,1.7,4.958,1.063,0.92,0,1
574.5,39.18,166.9,129.6,318.9,-33.0,1.6,4.962,1.064,0.93,0,1
575.0,39.22,167.1,129.6,318.5,-32.7,1.6,4.966,1.064,0.93,0,1
575.5,39.26,167.2,129.5,318.2,-32.4,1.5,4.97,1.065,0.94,0,1
576.0,39.3,167.4,129.5,317.9,-32.1,1.4,4.974,1.066,0.94,0,1
576.5,39.33,167.5,129.4,317.5,-31.8,1.4,4.977,1.067,0.95,0,1
577.0,39.37,167.7,129.4,317.2,-31.5,1.3,4.981,1.067,0.95,0,1
577.5,39.41,167.8,129.3,316.9,-31.2,1.3,4.984,1.068,0.96,0,1
578.0,39.45,168.0,129.3,316.6,-31.0,1.2,4.987,1.069,0.96,0,1
578.5,39.49,168.1,129.2,316.3,-30.7,1.2,4.99,1.07,0.96,0,1
579.0,39.53,168.2,129.2,316.0,-30.4,1.1,4.993,1.07,0.96,0,1
579.5,39.57,168.4,129.1,315.6,-30.2,1.1,4.996,1.071,0.97,0,1
580.0,39.61,168.5,129.1,315.3,-30.0,1.1,4.999,1.072,0.97,0,1
580.5,39.65,168.6,129.0,315.0,-29.7,1.0,5.002,1.072,0.97,0,1
581.0,39.69,168.7,129.0,314.7,-29.5,1.0,5.004,1.073,0.97,0,1
581.5,39.73,168.8,128.9,314.4,-29.3,1.0,5.007,1.074,0.97,0,1
582.0,39.78,169.0,128.9,314.1,-29.1,0.9,5.009,1.074,0.98,0,1
582.5,39.82,169.1,128.8,313.8,-29.0,0.9,5.012,1.075,0.98,0,1
583.0,39.86,169.2,128.8,313.5,-28.8,0.9,5.014,1.075,0.98,0,1
583.5,39.9,169.3,128.7,313.2,-28.7,0.9,5.017,1.076,0.98,0,1
584.0,39.95,169.4,128.7,312.9,-28.5,0.8,5.019,1.076,0.98,0,1
584.5,39.99,169.5,128.6,312.6,-28.4,0.8,5.021,1.077,0.98,0,1
585.0,40.03,169.6,128.6,312.3,-28.3,0.8,5.023,1.077,0.98,0,1
585.5,40.07,169.7,128.6,312.1,-28.2,0.8,5.025,1.078,0.98,0,1
586.0,40.12,169.8,128.5,311.8,-28.1,0.8,5.027,1.078,0.99,0,1
586.5,40.16,169.9,128.5,311.5,-28.0,0.8,5.029,1.079,0.99,0,1
587.0,40.21,170.0,128.4,311.2,-27.9,0.7,5.031,1.079,0.99,0,1
587.5,40.25,170.1,128.4,310.9,-27.8,0.7,5.033,1.08,0.99,0,1
588.0,40.29,170.2,128.4,310.6,-27.7,0.7,5.035,1.08,0.99,0,1
588.5,40.34,170.3,128.3,310.3,-27.7,0.7,5.037,1.081,0.99,0,1
589.0,40.38,170.4,128.3,310.1,-27.6,0.7,5.039,1.081,0.99,0,1
589.5,40.43,170.5,128.2,309.8,-27.5,0.7,5.041,1.081,0.99,0,1
590.0,40.47,170.6,128.2,309.5,-27.5,0.7,5.043,1.082,0.99,0,1
590.5,40.52,170.7,128.2,309.2,-27.4,0.6,5.044,1.082,0.99,0,1
591.0,40.57,170.8,128.1,308.9,-27.4,0.6,5.046,1.083,0.99,0,1
591.5,40.61,170.8,128.1,308.7,-27.3,0.6,5.048,1.083,0.99,0,1
592.0,40.66,170.9,128.1,308.4,-27.3,0.6,5.049,1.083,0.99,0,1
592.5,40.7,171.0,128.0,308.1,-27.2,0.6,5.051,1.084,0.99,0,1
593.0,40.75,171.1,128.0,307.8,-27.2,0.6,5.053,1.084,0.99,0,1
593.5,40.8,171.2,128.0,307.6,-27.1,0.6,5.054,1.084,0.99,0,1
594.0,40.84,171.3,127.9,307.3,-27.1,0.6,5.056,1.085,0.99,0,1
594.5,40.89,171.3,127.9,307.0,-27.0,0.5,5.057,1.085,0.99,0,1
595.0,40.94,171.4,127.9,306.7,-27.0,0.5,5.059,1.085,0.99,0,1
595.5,40.98,171.5,127.9,306.5,-26.9,0.5,5.06,1.086,0.99,0,1
596.0,41.03,171.6,127.8,306.2,-26.9,0.5,5.062,1.086,0.99,0,1
596.5,41.08,171.7,127.8,305.9,-26.8,0.5,5.063,1.086,0.99,0,1
597.0,41.12,171.7,127.8,305.6,-26.8,0.5,5.064,1.086,0.99,0,1
597.5,41.17,171.8,127.7,305.4,-26.7,0.5,5.066,1.087,0.99,0,1
598.0,41.22,171.8,127.7,305.2,-25.1,0.5,5.067,1.087,0.58,0,1
598.5,41.27,171.9,127.7,304.9,-25.1,0.3,5.068,1.087,0.98,0,1
599.0,41.31,172.0,127.7,304.6,-25.0,0.4,5.069,1.088,1.06,0,1
599.5,41.36,172.0,127.6,304.4,-24.9,0.3,5.07,1.088,1.21,0,1
600.0,41.41,172.1,127.6,304.1,-24.9,0.3,5.071,1.088,1.07,0,1
600.5,41.46,172.1,127.6,303.9,-24.9,0.3,5.072,1.088,1.01,0,1
601.0,41.51,172.2,127.6,303.6,-24.8,0.3,5.073,1.089,1.01,0,1
601.5,41.56,172.3,127.6,303.4,-24.7,0.3,5.074,1.089,1.11,0,1
602.0,41.6,172.3,127.5,303.1,-24.7,0.3,5.075,1.089,1.1,0,1
602.5,41.65,172.4,127.5,302.9,-24.6,0.3,5.076,1.089,1.11,0,1
603.0,41.7,172.4,127.5,302.6,-24.5,0.3,5.076,1.09,1.12,0,1
603.5,41.75,172.5,127.5,302.4,-24.5,0.2,5.077,1.09,0.99,0,1
604.0,41.8,172.5,127.4,302.2,-24.4,0.2,5.078,1.09,1.01,0,1
604.5,41.85,172.6,127.4,301.9,-24.3,0.2,5.079,1.09,1.01,0,1
605.0,41.9,172.6,127.4,301.7,-24.2,0.2,5.079,1.091,1.01,0,1
605.5,41.95,172.6,127.4,301.4,-24.1,0.2,5.08,1.091,1.01,0,1
606.0,42.0,172.7,127.4,301.2,-24.0,0.2,5.081,1.091,1.02,0,1
606.5,42.05,172.7,127.4,301.0,-23.9,0.2,5.081,1.091,1.02,0,1
607.0,42.09,172.8,127.3,300.7,-23.8,0.2,5.082,1.092,1.02,0,1
607.5,42.14,172.8,127.3,300.5,-23.7,0.2,5.082,1.092,1.02,0,1
608.0,42.19,172.9,127.3,300.2,-23.6,0.1,5.083,1.092,1.02,0,1
608.5,42.24,172.9,127.3,300.0,-23.5,0.1,5.084,1.092,1.02,0,1
609.0,42.29,172.9,127.3,299.8,-23.4,0.1,5.084,1.093,1.02,0,1
609.5,42.34,173.0,127.3,299.6,-23.3,0.1,5.085,1.093,1.02,0,1
610.0,42.39,173.0,127.2,299.3,-23.2,0.1,5.085,1.093,1.02,0,1
610.5,42.44,173.0,127.2,299.1,-23.1,0.1,5.086,1.093,1.02,0,1
611.0,42.49,173.1,127.2,298.9,-23.0,0.1,5.086,1.093,1.02,0,1
611.5,42.54,173.1,127.2,298.6,-22.9,0.1,5.086,1.094,1.02,0,1
612.0,42.59,173.1,127.2,298.4,-22.8,0.1,5.087,1.094,1.02,0,1
612.5,42.64,173.2,127.2,298.2,-22.7,0.1,5.087,1.094,1.02,0,1
613.0,42.69,173.2,127.2,298.0,-22.5,0.1,5.088,1.094,1.02,0,1
613.5,42.74,173.2,127.2,297.7,-22.4,0.0,5.088,1.094,1.02,0,1
614.0,42.8,173.2,127.1,297.5,-22.3,0.0,5.088,1.094,1.02,0,1
614.5,42.85,173.3,127.1,297.3,-22.2,0.0,5.089,1.095,1.02,0,1
615.0,42.9,173.3,127.1,297.1,-22.1,0.0,5.089,1.095,1.02,0,1
615.5,42.95,173.3,127.1,296.9,-22.0,0.0,5.089,1.095,1.02,0,1
616.0,43.0,173.3,127.1,296.7,-21.9,-0.0,5.089,1.095,1.02,0,1
616.5,43.05,173.3,127.1,296.4,-21.8,-0.0,5.09,1.095,1.02,0,1
617.0,43.1,173.4,127.1,296.2,-21.7,-0.0,5.09,1.095,1.02,0,1
617.5,43.15,173.4,127.1,296.0,-21.6,-0.0,5.09,1.095,1.02,0,1
618.0,43.2,173.4,127.1,295.8,-21.5,-0.0,5.09,1.095,1.02,0,1
618.5,43.25,173.4,127.1,295.6,-21.4,-0.0,5.09,1.096,1.02,0,1
619.0,43.3,173.4,127.0,295.4,-21.4,-0.1,5.091,1.096,1.02,0,1
619.5,43.35,173.4,127.0,295.2,-21.3,-0.1,5.091,1.096,1.02,0,1
620.0,43.4,173.5,127.0,295.0,-21.2,-0.1,5.091,1.096,1.02,0,1
620.5,43.45,173.5,127.0,294.8,-21.1,-0.1,5.091,1.096,1.02,0,1
621.0,43.51,173.5,127.0,294.6,-21.0,-0.1,5.091,1.096,1.02,0,1
621.5,43.56,173.5,127.0,294.4,-21.0,-0.1,5.091,1.096,1.02,0,1
622.0,43.61,173.5,127.0,294.2,-20.9,-0.1,5.091,1.096,1.02,0,1
622.5,43.66,173.5,127.0,294.0,-20.8,-0.1,5.091,1.096,1.02,0,1
623.0,43.71,173.5,127.0,293.8,-20.7,-0.1,5.091,1.096,1.02,0,1
623.5,43.76,173.5,127.0,293.6,-20.7,-0.1,5.091,1.096,1.02,0,1
624.0,43.81,173.5,127.0,293.3,-20.6,-0.1,5.091,1.096,1.02,0,1
624.5,43.86,173.5,127.0,293.1,-20.6,-0.1,5.091,1.097,1.02,0,1
625.0,43.91,173.6,127.0,292.9,-20.5,-0.1,5.091,1.097,1.02,0,1
625.5,43.96,173.6,127.0,292.8,-20.4,-0.1,5.091,1.097,1.02,0,1
626.0,44.01,173.6,127.0,292.6,-20.4,-0.1,5.091,1.097,1.02,0,1
626.5,44.07,173.6,127.0,292.4,-20.3,-0.1,5.091,1.097,1.02,0,0
627.0,44.12,175.0,127.4,290.7,2.0,9.1,5.095,1.092,7.62,0,0
627.5,44.16,173.0,128.0,292.5,19.9,14.9,5.112,1.08,7.87,0,0
628.0,44.2,169.2,128.9,296.2,32.7,19.9,5.146,1.066,7.76,0,0
628.5,44.23,164.3,130.0,300.9,41.7,24.0,5.192,1.052,7.59,0,0
629.0,44.24,158.8,131.1,306.2,48.0,27.5,5.249,1.037,7.37,0,0
629.5,44.24,153.0,132.1,311.9,52.4,30.5,5.316,1.022,7.12,0,0
630.0,44.23,147.1,133.1,317.7,55.3,33.2,5.389,1.007,6.85,0,0
630.5,44.21,141.1,133.9,323.6,57.3,35.8,5.469,0.991,6.63,0,0
631.0,44.16,134.6,134.6,330.0,58.7,38.4,5.554,0.976,6.56,0,0
631.5,44.11,127.7,135.2,336.8,59.6,41.1,5.644,0.961,6.5,0,0
632.0,44.03,120.6,135.8,343.9,60.3,43.8,5.738,0.945,6.43,0,0
632.5,43.95,112.9,136.3,351.5,60.8,46.7,5.835,0.929,6.36,0,0
633.0,43.84,104.8,136.8,359.6,61.3,49.6,5.936,0.913,6.31,0,0
633.5,43.72,98.8,137.2,5.5,60.6,51.7,6.041,0.897,4.92,0,0
634.0,43.59,98.5,137.7,5.7,58.8,51.8,6.147,0.887,2.93,0,0
634.5,43.45,98.4,138.1,5.8,57.9,51.6,6.254,0.878,1.86,0,0
635.0,43.3,97.6,138.6,6.5,57.8,51.7,6.36,0.87,1.42,0,0
635.5,43.15,96.4,139.1,7.6,58.0,51.8,6.466,0.863,1.26,0,0
636.0,43.0,94.9,139.6,9.1,58.4,51.9,6.57,0.855,1.21,0,0
636.5,42.84,93.3,140.1,10.6,58.8,52.1,6.674,0.847,1.2,0,0
637.0,42.68,91.7,140.7,12.2,59.2,52.2,6.777,0.84,1.19,0,0
637.5,42.51,90.0,141.3,13.8,59.4,52.4,6.878,0.832,1.18,0,0
638.0,42.35,88.3,141.9,15.4,59.7,52.5,6.979,0.824,1.15,0,0
638.5,42.18,86.7,142.5,17.0,59.9,52.6,7.079,0.816,1.13,0,0
639.0,42.0,85.1,143.1,18.6,60.1,52.7,7.178,0.808,1.11,0,0
639.5,41.82,83.4,143.8,20.2,60.2,52.8,7.276,0.801,1.09,0,0
640.0,41.64,81.8,144.4,21.7,60.3,52.8,7.372,0.793,1.05,0,0
640.5,41.46,80.3,145.1,23.2,60.3,52.8,7.468,0.785,1.01,0,0
641.0,41.27,78.8,145.8,24.6,60.3,52.8,7.562,0.777,0.96,0,0
641.5,41.08,77.4,146.5,26.0,60.2,52.8,7.656,0.769,0.91,0,0
642.0,40.89,76.1,147.2,27.3,60.0,52.7,7.748,0.762,0.87,0,0
642.5,40.7,74.7,147.9,28.6,59.8,52.6,7.839,0.754,0.84,0,0
643.0,40.5,73.4,148.7,29.9,59.6,52.5,7.929,0.747,0.81,0,0
643.5,40.3,72.0,149.4,31.2,59.4,52.4,8.018,0.739,0.79,0,0
644.0,40.1,70.9,150.2,32.2,59.0,52.2,8.105,0.732,0.6,0,0
644.5,39.89,74.3,150.9,28.8,57.3,50.3,8.191,0.725,-0.14,0,0
645.0,39.69,76.8,151.7,26.3,56.9,48.6,8.276,0.717,-0.49,0,0
645.5,39.48,78.3,152.5,24.8,56.9,47.4,8.358,0.709,-0.61,0,0
646.0,39.28,80.4,153.3,22.6,56.6,45.8,8.437,0.701,-0.79,0,0
646.5,39.07,83.8,154.0,19.1,56.1,43.5,8.514,0.692,-1.26,0,0
647.0,38.87,85.2,154.8,17.7,56.5,42.3,8.587,0.682,-1.08,0,0
647.5,38.67,86.3,155.7,16.6,56.6,41.1,8.658,0.674,-0.91,0,0
648.0,38.47,87.6,156.5,15.4,56.6,39.7,8.726,0.667,-0.83,0,0
648.5,38.27,88.5,157.3,14.5,56.7,38.5,8.791,0.66,-0.71,0,0
649.0,38.07,89.0,158.1,13.9,56.7,37.3,8.853,0.654,-0.59,0,0
649.5,37.87,89.4,158.6,13.6,56.6,36.2,8.913,0.648,-0.49,0,0
650.0,37.67,89.6,159.0,13.3,56.5,35.1,8.971,0.643,-0.4,0,0
650.5,37.47,89.6,159.4,13.4,56.4,34.2,9.026,0.638,-0.29,0,0
651.0,37.27,89.4,159.8,13.6,56.2,33.2,9.079,0.634,-0.19,0,0
651.5,37.08,89.3,160.2,13.7,55.9,32.2,9.13,0.63,-0.13,0,0
652.0,36.88,89.2,160.7,13.9,55.7,31.2,9.178,0.626,-0.07,0,0
652.5,36.68,88.9,161.1,14.2,55.4,30.2,9.225,0.623,0.01,0,0
653.0,36.48,88.5,161.6,14.6,55.2,29.2,9.27,0.621,0.07,0,0
653.5,36.28,88.2,162.1,14.9,54.9,28.3,9.313,0.618,0.12,0,0
654.0,36.08,87.8,162.6,15.3,54.7,27.3,9.354,0.616,0.17,0,0
654.5,35.88,87.4,163.1,15.9,54.4,26.5,9.393,0.614,0.22,0,0
655.0,35.68,86.9,163.6,16.3,54.2,25.5,9.431,0.613,0.26,0,0
655.5,35.48,86.5,164.1,16.8,54.0,24.6,9.467,0.612,0.29,0,0
656.0,35.28,85.9,164.6,17.4,53.8,23.8,9.501,0.61,0.33,0,0
656.5,35.07,85.3,165.1,18.1,53.7,23.0,9.534,0.61,0.38,0,0
657.0,34.87,84.7,165.6,18.8,53.5,22.2,9.565,0.609,0.42,0,0
657.5,34.66,84.0,166.1,19.6,53.4,21.4,9.595,0.608,0.45,0,0
658.0,34.45,83.3,166.6,20.3,53.2,20.6,9.624,0.608,0.49,0,0
658.5,34.25,82.6,167.1,21.1,53.1,19.9,9.651,0.608,0.52,0,0
659.0,34.04,82.0,167.6,21.8,52.9,19.1,9.676,0.608,0.54,0,0
659.5,33.82,81.2,168.0,22.7,52.8,18.4,9.701,0.608,0.58,0,0
660.0,33.61,80.3,168.5,23.6,52.7,17.8,9.724,0.609,0.62,0,0
660.5,33.4,79.5,168.9,24.5,52.6,17.1,9.746,0.61,0.65,0,0
661.0,33.18,78.6,169.3,25.5,52.6,16.6,9.766,0.61,0.69,0,0
661.5,32.97,77.7,169.8,26.6,52.5,16.0,9.786,0.611,0.73,0,0
662.0,32.75,76.7,170.1,27.6,52.4,15.5,9.804,0.612,0.76,0,0
662.5,32.53,75.8,170.5,28.6,52.3,14.9,9.822,0.614,0.79,0,0
663.0,32.31,74.9,170.9,29.6,52.2,14.4,9.838,0.615,0.81,0,0
663.5,32.09,73.9,171.2,30.7,52.2,13.9,9.854,0.617,0.84,0,0
664.0,31.86,73.0,171.6,31.8,52.2,13.4,9.869,0.618,0.87,0,0
664.5,31.64,72.0,171.9,32.9,52.1,12.9,9.883,0.62,0.89,0,0
665.0,31.41,71.0,172.3,34.0,52.1,12.5,9.896,0.622,0.91,0,0
665.5,31.18,69.9,172.6,35.2,52.1,12.0,9.908,0.624,0.94,0,0
666.0,30.95,68.9,172.9,36.3,52.1,11.6,9.919,0.626,0.96,0,0
666.5,30.71,67.8,173.2,37.5,52.1,11.2,9.93,0.628,0.99,0,0
667.0,30.48,66.7,173.5,38.7,52.1,10.9,9.94,0.63,1.01,0,0
667.5,30.24,65.6,173.8,39.9,52.1,10.5,9.949,0.633,1.04,0,0
668.0,30.0,64.5,174.1,41.2,52.1,10.2,9.958,0.635,1.06,0,0
668.5,29.76,63.4,174.4,42.5,52.2,9.9,9.966,0.637,1.08,0,0
669.0,29.52,62.3,174.6,43.7,52.2,9.6,9.974,0.64,1.1,0,0
669.5,29.28,61.1,174.9,45.0,52.2,9.4,9.981,0.642,1.12,0,0
670.0,29.03,59.9,175.2,46.3,52.2,9.1,9.987,0.645,1.14,0,0
670.5,28.78,58.8,175.4,47.6,52.3,8.9,9.993,0.647,1.17,0,0
671.0,28.53,57.6,175.7,49.0,52.3,8.6,9.999,0.65,1.18,0,0
671.5,28.28,56.4,176.0,50.3,52.4,8.4,10.004,0.653,1.2,0,0
672.0,28.02,55.2,176.2,51.6,52.4,8.2,10.009,0.655,1.22,0,0
672.5,27.77,54.0,176.4,53.0,52.5,8.0,10.013,0.658,1.23,0,0
673.0,27.51,52.8,176.7,54.3,52.5,7.8,10.018,0.661,1.24,0,0
673.5,27.25,51.6,176.9,55.6,52.6,7.6,10.021,0.663,1.25,0,0
674.0,26.99,50.5,177.1,57.0,52.7,7.4,10.025,0.666,1.26,0,0
674.5,26.72,49.3,177.4,58.3,52.7,7.2,10.028,0.669,1.27,0,0
675.0,26.46,48.1,177.6,59.7,52.8,7.1,10.031,0.672,1.28,0,0
675.5,26.19,46.9,177.8,61.0,52.9,6.9,10.034,0.675,1.29,0,0
676.0,25.92,45.7,178.0,62.3,53.0,6.7,10.036,0.678,1.3,0,0
676.5,25.65,44.5,178.2,63.7,53.1,6.6,10.038,0.681,1.31,0,0
677.0,25.37,43.3,178.4,65.0,53.2,6.4,10.04,0.684,1.32,0,0
677.5,25.1,42.1,178.6,66.4,53.3,6.3,10.041,0.687,1.33,0,0
678.0,24.82,40.9,178.8,67.7,53.4,6.2,10.043,0.69,1.34,0,0
678.5,24.54,39.7,179.0,69.1,53.6,6.0,10.044,0.693,1.35,0,0
679.0,24.26,38.5,179.2,70.5,53.7,5.9,10.045,0.696,1.36,0,0
679.5,23.98,37.3,179.3,71.9,53.8,5.9,10.046,0.699,1.38,0,0
680.0,23.69,36.0,180.0,73.3,53.9,5.8,10.047,0.702,1.39,1,0
680.5,23.4,30.2,179.1,79.3,54.2,8.9,10.047,0.704,2.46,1,0
681.0,23.12,23.8,180.0,85.8,53.4,12.4,10.05,0.702,3.1,1,0
681.5,22.83,19.6,178.9,90.2,52.3,14.7,10.054,0.697,3.24,1,0
682.0,22.54,17.8,179.7,92.1,51.5,15.3,10.062,0.692,2.85,1,0
682.5,22.25,17.6,179.1,92.4,51.1,14.7,10.071,0.689,2.35,1,0
683.0,21.96,17.1,179.7,93.0,51.3,14.2,10.082,0.688,2.0,1,0
683.5,21.67,17.1,179.0,93.1,51.6,13.3,10.094,0.688,1.64,1,0
684.0,21.39,16.4,179.5,94.0,52.1,12.9,10.107,0.689,1.49,1,0
684.5,21.11,15.2,179.0,95.2,52.6,12.7,10.119,0.69,1.43,1,0
685.0,20.83,14.8,179.4,95.7,52.9,12.0,10.131,0.691,1.26,1,0
685.5,20.56,13.8,179.0,96.8,53.3,11.8,10.144,0.693,1.23,1,0
686.0,20.29,13.2,179.3,97.5,53.6,11.2,10.155,0.695,1.12,1,0
686.5,20.02,11.9,179.0,98.9,54.0,11.1,10.167,0.697,1.17,1,0
687.0,19.76,11.3,179.2,99.6,54.2,10.5,10.178,0.699,1.08,1,0
687.5,19.5,10.7,179.0,100.2,54.4,9.8,10.188,0.701,1.01,1,0
688.0,19.25,10.3,178.9,100.7,54.7,9.1,10.198,0.704,0.92,1,0
688.5,19.01,9.6,179.4,101.4,55.0,8.6,10.206,0.706,0.91,1,0
689.0,18.76,8.3,179.4,102.9,55.3,8.5,10.214,0.709,1.01,1,0
689.5,18.52,7.1,179.0,104.1,55.5,8.2,10.222,0.712,1.06,1,0
690.0,18.27,6.3,178.1,104.9,55.6,7.6,10.228,0.714,1.02,1,0
690.5,18.03,5.4,176.9,105.8,55.8,7.2,10.234,0.717,1.01,1,0
691.0,17.78,4.0,175.7,107.3,56.0,7.0,10.239,0.72,1.13,1,0
691.5,17.54,2.1,174.4,109.1,56.1,7.1,10.244,0.723,1.26,1,0
692.0,17.29,0.5,173.2,110.7,56.2,7.1,10.248,0.726,1.33,1,0
692.5,17.04,1.2,172.0,112.4,56.2,7.1,10.252,0.728,1.4,1,0
693.0,16.79,2.2,170.9,113.3,56.2,6.6,10.256,0.731,1.32,1,0
693.5,16.55,4.0,169.8,115.0,56.4,6.6,10.259,0.734,1.4,1,0
694.0,16.3,5.8,168.8,116.6,56.5,6.6,10.262,0.736,1.45,1,0
694.5,16.05,7.8,167.8,118.4,56.6,6.7,10.265,0.739,1.53,1,0
695.0,15.81,9.4,165.6,119.9,56.6,6.6,10.268,0.742,1.52,1,0
695.5,15.57,11.4,161.8,121.6,56.8,6.6,10.271,0.744,1.57,1,0
696.0,15.33,13.1,157.6,123.1,56.9,6.5,10.274,0.746,1.55,1,0
696.5,15.1,15.2,153.1,124.8,57.0,6.5,10.277,0.749,1.59,1,0
697.0,14.86,17.2,148.4,126.4,57.1,6.5,10.28,0.751,1.6,1,0
697.5,14.63,19.2,143.5,127.9,57.2,6.4,10.283,0.754,1.59,1,0
698.0,14.41,21.6,138.5,129.6,56.1,6.5,10.286,0.756,1.52,1,0
698.5,14.2,23.2,133.5,130.6,55.1,6.1,10.288,0.759,1.42,1,0
699.0,13.99,24.7,128.5,131.3,52.7,5.7,10.291,0.762,1.31,1,0
699.5,13.8,26.1,123.6,131.7,51.3,5.1,10.294,0.764,1.18,1,0
700.0,13.62,27.5,118.8,132.2,49.9,4.5,10.296,0.768,1.1,1,0
700.5,13.46,29.7,114.2,133.3,47.5,4.6,10.298,0.771,1.13,1,0
701.0,13.3,31.5,109.7,133.9,44.2,4.3,10.3,0.774,1.11,1,0
701.5,13.17,33.4,105.4,134.6,40.6,4.1,10.301,0.777,1.09,1,0
702.0,13.05,35.3,101.2,135.3,36.9,4.0,10.302,0.78,1.09,1,0
702.5,12.94,36.3,97.3,134.9,19.9,3.1,10.304,0.78,0.57,1,0
703.0,12.85,38.5,93.5,135.7,20.0,3.3,10.306,0.784,1.65,1,0
703.5,12.77,40.4,89.9,136.2,17.7,3.0,10.308,0.788,1.31,1,0
